,vv_list,vh_list,vv/vh_list
0,"[0.02381848357617855, 0.31999820470809937, 0.15597398579120636, 0.476584255695343, 0.19224610924720764, 0.31008976697921753, 0.25605854392051697, 0.23324599862098694, 0.09389129281044006, 0.039704132825136185, 0.18909546732902527, 0.37261396646499634, 0.09265173226594925, 0.14469100534915924, 0.025726547464728355, 0.011708950623869896, 0.017758233472704887, 0.014317327179014683]","[0.007014229893684387, 0.007178677245974541, 0.007780089508742094, 0.06559807807207108, 0.05062708258628845, 0.00993836298584938, 0.009925547055900097, 0.023300442844629288, 0.05332493036985397, 0.01246238686144352, 0.02231311984360218, 0.03524899110198021, 0.03584873303771019, 0.08801313489675522, 0.005512918345630169, 0.003389237215742469, 0.005469277501106262, 0.005687490571290255]","[3.3957375131979513, 44.5762072514876, 20.047839503124774, 7.265216751803781, 3.797297798456877, 31.201292146476753, 25.797927557887775, 10.010367621607232, 1.760739154448467, 3.185917213657838, 8.474631456938301, 10.570911530119332, 2.5845190168502343, 1.6439705905134572, 4.666593236433582, 3.4547450882114945, 3.246906647013789, 2.517336424483369]"
1,"[0.23529212176799774, 0.10290589183568954, 0.09308787435293198, 0.021221747621893883, 0.04232863709330559, 0.05415233597159386, 0.049460507929325104, 0.05099249258637428, 0.14503680169582367, 0.050366029143333435, 0.3390219807624817, 0.04698473587632179, 0.007153227925300598, 0.04061565548181534]","[0.03147885203361511, 0.053898051381111145, 0.021423935890197754, 0.04232027381658554, 0.020440032705664635, 0.014740069396793842, 0.016168449074029922, 0.008345126174390316, 0.023853274062275887, 0.015327551402151585, 0.055057231336832047, 0.006890959572046995, 0.00771560100838542, 0.0021089755464345217]","[7.474609350961653, 1.9092692444119317, 4.345040744615145, 0.5014558202971023, 2.0708693426686575, 3.6738182510438313, 3.059075592399863, 6.110451959715244, 6.080372921434729, 3.285980116580354, 6.157628571774615, 6.818315415303581, 0.9271122129729586, 19.25847625425578]"
2,"[0.06344670057296753, 0.29458510875701904, 0.9814502596855164, 0.2784070670604706, 0.13006800413131714, 0.08881834894418716, 0.11814006417989731, 0.21212762594223022, 0.059058815240859985, 0.0860326886177063, 0.40118709206581116, 0.16755960881710052, 0.014373925514519215, 0.011784873902797699]","[0.0037011464592069387, 0.01256601046770811, 0.013831446878612041, 0.05222775787115097, 0.02615957520902157, 0.034262508153915405, 0.02630643919110298, 0.030445745214819908, 0.03526317700743675, 0.015875663608312607, 0.07134061306715012, 0.005767803639173508, 0.003286613617092371, 0.005271396599709988]","[17.142445259127232, 23.4430099763197, 70.9578880863983, 5.330634099731365, 4.972099244427372, 2.592289757223664, 4.490918110264543, 6.9673980533402755, 1.67480131550271, 5.419155428101852, 5.6235442172075185, 29.05085181455845, 4.373475920554258, 2.2356264947786433]"
3,"[0.4615105390548706, 0.06882850080728531, 0.14373217523097992, 0.031200645491480827, 0.027389204129576683, 0.02732377126812935, 0.04620329290628433, 0.09533251076936722, 0.10952865332365036, 0.08082684129476547, 0.1556694358587265, 0.07125864177942276, 0.2063428908586502, 0.13935597240924835, 0.007784510962665081, 0.015299318358302116, 0.016767365857958794, 0.020225465297698975]","[0.009101267904043198, 0.011999250389635563, 0.018262013792991638, 0.018657106906175613, 0.01130726095288992, 0.03811578080058098, 0.012919719330966473, 0.051437683403491974, 0.026082387194037437, 0.029963405802845955, 0.042911283671855927, 0.051647648215293884, 0.05388723686337471, 0.08189383149147034, 0.002564319409430027, 0.003823586506769061, 0.004031755030155182, 0.006522257812321186]","[50.7083786479735, 5.7360667185290515, 7.870554521546776, 1.6723195964082314, 2.4222669171331477, 0.7168624305792226, 3.576183949719599, 1.8533593362195495, 4.199333922498059, 2.69751849394532, 3.627704010188464, 1.3797073873021324, 3.829160722822185, 1.7016662900155428, 3.035702547053352, 4.001300436440256, 4.158825556748526, 3.1009913866776446]"
4,"[0.28587397933006287, 0.1200699508190155, 0.22887608408927917, 0.07157395780086517, 0.08081291615962982, 0.04022570699453354, 0.11522727459669113, 0.0632193461060524, 0.3567734956741333, 0.10727968066930771, 0.08619839698076248, 0.020366933196783066, 0.03480174392461777, 0.01102436613291502]","[0.013317599892616272, 0.017110824584960938, 0.01580994576215744, 0.005129190627485514, 0.053249601274728775, 0.029309501871466637, 0.03726363554596901, 0.013421816751360893, 0.09001298248767853, 0.009837898425757885, 0.03086588904261589, 0.003138842061161995, 0.0015895831165835261, 0.002220539841800928]","[21.465878359099907, 7.017192550997659, 14.476715324167344, 13.954240151911241, 1.5176248126759602, 1.372445945036481, 3.0922177320713904, 4.71019291033327, 3.9635782063211873, 10.904735546814022, 2.7926750096765445, 6.4886772892431726, 21.893629569630043, 4.964723408868859]"
5,"[0.22717325389385223, 0.005492510739713907, 0.015141701325774193, 0.3301776349544525, 0.20636515319347382, 0.41214555501937866, 0.3307606279850006, 0.11187899857759476, 0.06771907210350037, 0.11759345978498459, 0.108767569065094, 0.13042153418064117, 0.0835537239909172, 0.07011659443378448, 0.05617743358016014, 0.06681561470031738, 0.30409708619117737, 0.15532565116882324]","[0.01456653792411089, 0.001068326411768794, 0.0036526224575936794, 0.004407008644193411, 0.01027553528547287, 0.02053321897983551, 0.01422255951911211, 0.05672667548060417, 0.024247078225016594, 0.048431217670440674, 0.0498434342443943, 0.02168765850365162, 0.038034018129110336, 0.014707053080201149, 0.02938314713537693, 0.06247439607977867, 0.07384337484836578, 0.036358971148729324]","[15.595555723493467, 5.141229009418696, 4.1454329051432905, 74.92103184083565, 20.08315357402591, 20.0721355684232, 23.256055110230218, 1.972246701040115, 2.7928755570076125, 2.4280508614334537, 2.1821844885683546, 6.013629095030323, 2.1968155903824202, 4.767548879535662, 1.9118930086465529, 1.0694879645574333, 4.118136350290432, 4.272003477035999]"
6,"[0.0698547288775444, 0.07938285917043686, 0.08742944896221161, 0.03148293122649193, 0.041774529963731766, 0.0708150640130043, 0.04818521440029144, 0.03992947190999985, 0.21807393431663513, 0.12287749350070953, 0.051919445395469666, 0.02130899392068386, 0.266208291053772, 0.5509935617446899]","[0.03344570845365524, 0.05521932989358902, 0.029627593234181404, 0.02962448261678219, 0.016621442511677742, 0.0359007827937603, 0.026108941063284874, 0.01232038252055645, 0.0854308232665062, 0.02260700985789299, 0.004873004741966724, 0.0027333965990692377, 0.007581476587802172, 0.022660432383418083]","[2.0886006637993657, 1.4375918600137383, 2.950946716162692, 1.06273353812623, 2.5132914868479195, 1.9725214466719718, 1.8455445697125896, 3.240927937373525, 2.5526376309911165, 5.435371341593333, 10.654503359772065, 7.795792944185227, 35.11298728826442, 24.315227195218174]"
7,"[0.01511713583022356, 0.016570111736655235, 0.34887221455574036, 0.1982407420873642, 0.28860291838645935, 0.15949152410030365, 0.06058219075202942, 0.11527137458324432, 0.06360960751771927, 0.052227720618247986, 0.08321749418973923, 0.028087813407182693, 0.06733987480401993, 0.07606450468301773, 0.04345971718430519, 0.09050989896059036, 0.04206288605928421, 0.022027570754289627]","[0.001986152259632945, 0.0029050095472484827, 0.011212511919438839, 0.011480642482638359, 0.021745290607213974, 0.031723834574222565, 0.03302176296710968, 0.016863059252500534, 0.026836415752768517, 0.01881783828139305, 0.03723366931080818, 0.010509508661925793, 0.02438674308359623, 0.020633576437830925, 0.020461183041334152, 0.022292980924248695, 0.030381061136722565, 0.010201513767242432]","[7.611267342120747, 5.703978409416875, 31.114545702369306, 17.267390948473, 13.271973394124965, 5.027498290824517, 1.8346140638333108, 6.835733235424132, 2.3702720998111357, 2.775436787013437, 2.235006533873439, 2.6726095682227453, 2.7613312106984953, 3.686443061007891, 2.124008034946519, 4.060017781746731, 1.3845101021978936, 2.159245309752093]"
8,"[0.8053234219551086, 0.08166752010583878, 0.2587396502494812, 0.05846255272626877, 0.03520553931593895, 0.015703819692134857, 0.01743317022919655, 0.05551335588097572, 0.12370035797357559, 0.14998184144496918, 0.28024205565452576, 0.05976567789912224, 0.05359606444835663, 0.033250097185373306, 0.023810354992747307]","[0.016081752255558968, 0.017561044543981552, 0.013084935955703259, 0.030780550092458725, 0.012911167927086353, 0.014384248293936253, 0.025032253935933113, 0.027838483452796936, 0.02373633347451687, 0.03210357576608658, 0.03062053956091404, 0.008453535847365856, 0.015285147354006767, 0.005746172275394201, 0.009079144336283207]","[50.07684543061737, 4.6504933064376015, 19.773856832421544, 1.8993342403127542, 2.726750942653392, 1.091737251139837, 0.6964283070080122, 1.9941228470690378, 5.211434955039676, 4.671811094744352, 9.152093975909038, 7.06990293508312, 3.506414639457646, 5.7864776048839, 2.6225329294076096]"
9,"[0.3883645236492157, 0.11605597287416458, 0.11534734070301056, 0.07336349785327911, 0.07900688052177429, 0.021299943327903748, 0.014569035731256008, 0.05106320604681969, 0.03465057536959648, 0.06388460844755173, 0.16414199769496918, 0.11173604428768158, 0.2627888321876526, 0.3372040390968323, 0.02401348203420639, 0.05777828022837639, 0.030650494620203972, 0.011119659058749676]","[0.025638068094849586, 0.023923421278595924, 0.062322523444890976, 0.02168826386332512, 0.01460169441998005, 0.010432416573166847, 0.017885427922010422, 0.029481323435902596, 0.03965482488274574, 0.04197309538722038, 0.03473900258541107, 0.04780745506286621, 0.09418047219514847, 0.030415544286370277, 0.005421042442321777, 0.007106864359229803, 0.013436781242489815, 0.007579521741718054]","[15.147963653596582, 4.851144471463989, 1.8508130660820732, 3.3826358031975476, 5.410802215780259, 2.0417075160408373, 0.8145757425980763, 1.7320527064478557, 0.8738047758892848, 1.5220371015810947, 4.725006058864279, 2.3372096285140063, 2.7902687899370044, 11.086569285822025, 4.429679769103903, 8.129925844629183, 2.2810890545185716, 1.4670660547810734]"
10,"[0.2504320442676544, 0.19200970232486725, 0.06690584868192673, 0.100164994597435, 0.11851926892995834, 0.14116758108139038, 0.0391196571290493, 0.05654386803507805, 0.06827045977115631, 0.10780954360961914, 0.03757748380303383, 0.1164417490363121, 0.11699585616588593, 0.1748151183128357, 0.24316886067390442, 0.025358235463500023, 0.23372171819210052, 0.1253010481595993]","[0.005929112434387207, 0.0062936400063335896, 0.0322493240237236, 0.02205396443605423, 0.01673644408583641, 0.01528907660394907, 0.01949414238333702, 0.030229508876800537, 0.01647314988076687, 0.01272792648524046, 0.03183285892009735, 0.018648691475391388, 0.036858685314655304, 0.025132035836577415, 0.06949599832296371, 0.004942162893712521, 0.0119685223326087, 0.019672343507409096]","[42.23769527715785, 30.50852958409422, 2.074643444703173, 4.541813554105647, 7.081508373111222, 9.233231328367319, 2.006739068577213, 1.870485831097055, 4.144347636323341, 8.470314762945645, 1.1804621098392662, 6.2439635075719595, 3.17417333708773, 6.955867779657071, 3.4990339953653646, 5.130999525685621, 19.528034597497197, 6.369401190682127]"
11,"[0.18822281062602997, 0.17528030276298523, 0.15043231844902039, 0.08498381078243256, 0.12168268859386444, 0.04064664989709854, 0.054597605019807816, 0.05123394355177879, 0.035317640751600266, 0.09551038593053818, 0.05971448868513107, 0.07453077286481857, 0.2583141326904297, 0.0761507898569107, 0.2863721549510956, 0.02240915223956108, 0.08401335030794144, 0.022303864359855652]","[0.010184633545577526, 0.00914051104336977, 0.024435095489025116, 0.040246982127428055, 0.013153565116226673, 0.029415160417556763, 0.02225637249648571, 0.03367610648274422, 0.021791726350784302, 0.02548733726143837, 0.04385087639093399, 0.032058265060186386, 0.03270230069756508, 0.10311892628669739, 0.13234755396842957, 0.005427110940217972, 0.004849444143474102, 0.004863782785832882]","[18.48105872280127, 19.17620381741433, 6.15640395252747, 2.111557346420681, 9.250928361904915, 1.3818265588257048, 2.4531223598287997, 1.5213737246623593, 1.6206903566558946, 3.747366190152893, 1.361762719467035, 2.324853597813046, 7.898959008399768, 0.7384753953429629, 2.163788799749237, 4.129112613765926, 17.324325803607454, 4.5857032153701125]"
12,"[0.25784438848495483, 0.10608981549739838, 0.13350193202495575, 0.019654499366879463, 0.03630899265408516, 0.08837126940488815, 0.06496497988700867, 0.0668792873620987, 0.050002384930849075, 0.13309308886528015, 0.3807453513145447, 0.07553041726350784, 0.022869378328323364, 0.020263655111193657]","[0.021531006321310997, 0.01584106683731079, 0.04531947895884514, 0.021129800006747246, 0.06175129860639572, 0.011417987756431103, 0.031423263251781464, 0.0287256371229887, 0.04214038699865341, 0.027058739215135574, 0.091224305331707, 0.014013279229402542, 0.002822072012349963, 0.005021146964281797]","[11.975491746047428, 6.697138304316907, 2.9457958275775757, 0.9301791479618036, 0.5879875156232675, 7.7396535440418255, 2.0674167213784087, 2.3282090167662877, 1.1865668184880906, 4.918672958377647, 4.173727055855237, 5.389917379583115, 8.103754343702889, 4.035662619584783]"
13,"[0.4819433093070984, 0.24978111684322357, 0.2830624580383301, 0.2692207098007202, 0.07580331712961197, 0.24421876668930054, 0.05251799896359444, 0.1181141808629036, 0.04140651971101761, 0.09035973250865936, 0.05006089806556702, 0.08667702227830887, 0.073520228266716, 0.30108195543289185, 0.21453885734081268, 0.011219816282391548, 0.010568223893642426, 0.016969142481684685]","[0.01177757978439331, 0.005898821167647839, 0.05098120495676994, 0.01656385324895382, 0.0367225781083107, 0.02187781035900116, 0.024326251819729805, 0.01883864402770996, 0.03890615329146385, 0.016129573807120323, 0.04049333557486534, 0.04731818288564682, 0.03938450664281845, 0.04811134561896324, 0.054419972002506256, 0.007122842129319906, 0.0038598175160586834, 0.004328884184360504]","[40.920402844201526, 42.34424298420019, 5.552290462305783, 16.25350730620149, 2.064215559867157, 11.16285234590773, 2.158902216123559, 6.269781449724736, 1.0642666058713737, 5.602115318680677, 1.2362749908071382, 1.8317910154703108, 1.866729699916706, 6.258023997446029, 3.9422816559136105, 1.5751881171431807, 2.738011278946108, 3.9199807061115672]"
14,"[0.2694597542285919, 0.07523612678050995, 0.16469010710716248, 0.04884539544582367, 0.042365625500679016, 0.03051125258207321, 0.05956173315644264, 0.045459069311618805, 0.07871728390455246, 0.17134638130664825, 0.07926622033119202, 0.022378500550985336, 0.028001287952065468, 0.03158583864569664]","[0.03971492499113083, 0.023575659841299057, 0.007851328700780869, 0.020217910408973694, 0.03132118284702301, 0.017889441922307014, 0.040637269616127014, 0.016133254393935204, 0.026937661692500114, 0.07649603486061096, 0.012913070619106293, 0.005731992889195681, 0.00313608068972826, 0.006634823512285948]","[6.7848486252653855, 3.1912628230542164, 20.976081041006843, 2.4159467748033796, 1.3526189514488833, 1.705545243646063, 1.4656922996816055, 2.817724694696919, 2.9222018155521137, 2.239938078083015, 6.1384486052379374, 3.9041396218698923, 8.928752389496639, 4.760614745397217]"
15,"[0.26594507694244385, 0.07970114797353745, 0.016688480973243713, 0.03739922493696213, 0.01890650950372219, 0.06090126559138298, 0.07153217494487762, 0.05331335961818695, 0.4485420882701874, 0.2883082926273346, 0.052093785256147385, 0.0741255059838295, 0.07162553817033768, 0.12807582318782806, 0.3652176260948181]","[0.04173275828361511, 0.01944482885301113, 0.008900287561118603, 0.00983534473925829, 0.022297829389572144, 0.017679529264569283, 0.028559694066643715, 0.028886623680591583, 0.03732944652438164, 0.04363485425710678, 0.015990087762475014, 0.008997315540909767, 0.006989345420151949, 0.009509682655334473, 0.06308145076036453]","[6.372573677854832, 4.098835149232764, 1.875049638412613, 3.8025332033031014, 0.8479080709337589, 3.4447334360554698, 2.5046548040030863, 1.8456071643293939, 12.015771194925787, 6.607293585273704, 3.257879883461258, 8.238624692752998, 10.247817766142187, 13.467938713599839, 5.789619954718803]"
16,"[0.13783802092075348, 0.055148374289274216, 0.05861635133624077, 0.02436125837266445, 0.025748997926712036, 0.025703800842165947, 0.05636921525001526, 0.06658273190259933, 0.06865536421537399, 0.15403935313224792, 0.10917765647172928, 0.20890823006629944, 0.45312681794166565, 0.7372736930847168]","[0.014189175330102444, 0.01674065552651882, 0.013710304163396358, 0.007348845712840557, 0.022410551086068153, 0.027621889486908913, 0.018196064978837967, 0.019996963441371918, 0.048167090862989426, 0.01805301569402218, 0.042952314019203186, 0.04523797705769539, 0.03064277209341526, 0.026981212198734283]","[9.714308105583068, 3.2942780646739815, 4.275350177331161, 3.3149775249871274, 1.1489676370662423, 0.9305591079983133, 3.0978794214888046, 3.329642127806548, 1.4253583304556041, 8.532610603294073, 2.541834100554349, 4.61798346552639, 14.787396406575004, 27.325447339215657]"
17,"[0.2885156571865082, 0.09939020872116089, 0.1922953873872757, 0.09411602467298508, 0.06877883523702621, 0.08028361201286316, 0.04823457449674606, 0.05069124698638916, 0.12520232796669006, 0.16707749664783478, 0.137730211019516, 0.048190660774707794, 0.01733643375337124, 0.01492965966463089]","[0.006231532897800207, 0.042852845042943954, 0.024543948471546173, 0.023721255362033844, 0.01854921504855156, 0.025945113971829414, 0.009062678553164005, 0.05187920853495598, 0.023016029968857765, 0.07622163742780685, 0.021685393527150154, 0.0039803870022296906, 0.003934958018362522, 0.005252683535218239]","[46.299307396476564, 2.3193374587278712, 7.834737251433035, 3.9675819528345415, 3.7079108230187297, 3.0943634358296976, 5.322330943747992, 0.9771013941400749, 5.4397881883234085, 2.191995636489466, 6.351289444993355, 12.107028976758508, 4.405748084851374, 2.8422918617751054]"
18,"[0.3255816698074341, 0.2556447982788086, 0.11617092788219452, 0.07128468155860901, 0.1645139455795288, 0.049561262130737305, 0.03220383822917938, 0.02447550557553768, 0.16927820444107056, 0.042171116918325424, 0.14628680050373077, 0.13104881346225739, 0.05926516652107239, 0.016289597377181053]","[0.010924022644758224, 0.03913038223981857, 0.04890454187989235, 0.041119448840618134, 0.051658760756254196, 0.03974746912717819, 0.020703474059700966, 0.010481077246367931, 0.03576941788196564, 0.010332724079489708, 0.05359124764800072, 0.018451929092407227, 0.0070870378986001015, 0.005747456103563309]","[29.804192136461833, 6.533153617361492, 2.3754629614465217, 1.7336001227767772, 3.1846281864129216, 1.2469035945951266, 1.5554799226601164, 2.335208967572424, 4.732484185223989, 4.081316465426036, 2.7296770820596516, 7.102174130735338, 8.36247348596499, 2.83422736662257]"
19,"[0.30318713188171387, 0.20080848038196564, 0.09775033593177795, 0.058597125113010406, 0.08134597539901733, 0.027357572689652443, 0.032716747373342514, 0.1408373862504959, 0.06013643369078636, 0.08375684916973114, 0.03659263253211975, 0.041999537497758865, 0.14602194726467133, 0.1220955103635788, 0.08591402322053909]","[0.010090043768286705, 0.011366905644536018, 0.03580175340175629, 0.025616664439439774, 0.021709799766540527, 0.017076322808861732, 0.015479917638003826, 0.025157827883958817, 0.023168271407485008, 0.01836603321135044, 0.022753998637199402, 0.0058701615780591965, 0.015491866506636143, 0.018120955675840378, 0.018664726987481117]","[30.04814833753642, 17.666063805015632, 2.730322586015654, 2.2874611662084097, 3.746970320951047, 1.6020763366838715, 2.1134962173843594, 5.598153660169403, 2.5956374833971427, 4.560421306325873, 1.6081847026349136, 7.154749820642046, 9.425716856140022, 6.737807461576747, 4.603015263934142]"
20,"[0.4733472168445587, 0.09939371794462204, 0.5578616857528687, 0.03968878462910652, 0.23308657109737396, 0.08911740779876709, 0.049643706530332565, 0.048627275973558426, 0.2388918548822403, 0.1484084576368332, 0.07708165049552917, 0.033850930631160736, 0.047457966953516006, 0.02603026293218136, 0.24164928495883942]","[0.03581838309764862, 0.009691629558801651, 0.02571665681898594, 0.020499734207987785, 0.03343901038169861, 0.017169689759612083, 0.028525589033961296, 0.024820996448397636, 0.07202749699354172, 0.0666498988866806, 0.01732284389436245, 0.008186908438801765, 0.006030075717717409, 0.0029719958547502756, 0.012997291050851345]","[13.215203365102003, 10.255624953633893, 21.69262084412986, 1.9360633765505928, 6.97049848176559, 5.190391267779117, 1.740321872800908, 1.9591186064851818, 3.3166757815235526, 2.226686913496448, 4.449711084714828, 4.134763553812891, 7.8702107859236765, 8.758512529745293, 18.592280807854262]"
21,"[0.15325801074504852, 0.0498121976852417, 0.08951354026794434, 0.0433402881026268, 0.023309053853154182, 0.027645420283079147, 0.12462543696165085, 0.07733096182346344, 0.11175461858510971, 0.08904219418764114, 0.2792852222919464, 0.1161910891532898, 0.16176699101924896, 0.03111395798623562]","[0.010449426248669624, 0.030472582206130028, 0.03162276744842529, 0.01082614716142416, 0.03190794587135315, 0.012879598885774612, 0.05618801340460777, 0.015649491921067238, 0.026285320520401, 0.06654027849435806, 0.04042660817503929, 0.008960427716374397, 0.00866643525660038, 0.004883931018412113]","[14.666643612567787, 1.634656273901895, 2.8306675060598407, 4.003297521860534, 0.7305093830587501, 2.146450407986947, 2.218007532393569, 4.941435940125381, 4.251598092493217, 1.3381698454296522, 6.908450520575363, 12.967136484005195, 18.66592044243875, 6.370679247708035]"
22,"[0.03827022761106491, 0.2815180718898773, 0.1784866750240326, 0.0707869827747345, 0.08424991369247437, 0.08527889102697372, 0.10701784491539001, 0.04534229263663292, 0.1609026938676834, 0.04469132423400879, 0.10798168927431107, 0.050276391208171844, 0.05394074693322182, 0.08687169849872589, 0.18603147566318512, 0.5556392669677734, 0.014431130141019821, 0.008978080004453659]","[0.0032167157623916864, 0.009969311766326427, 0.007242344785481691, 0.03244677186012268, 0.024364637210965157, 0.011745775118470192, 0.021524636074900627, 0.025474289432168007, 0.06378814578056335, 0.01877167820930481, 0.07184700667858124, 0.06503766775131226, 0.06445562839508057, 0.05461067706346512, 0.03591121360659599, 0.04931914061307907, 0.0060525438748300076, 0.004764134529978037]","[11.897298498829844, 28.238466053470948, 24.644874044361224, 2.1816340645502614, 3.457876797548137, 7.260388536885314, 4.971877087398519, 1.7799237445805385, 2.522454476435204, 2.3807846978676652, 1.5029392909489458, 0.7730349649131971, 0.8368663571564641, 1.5907456777686353, 5.180317148318702, 11.266199290188402, 2.3843082246843084, 1.8845143746381672]"
23,"[0.4783206582069397, 0.11138186603784561, 0.17022542655467987, 0.04840589687228203, 0.06475550681352615, 0.039443206042051315, 0.18925532698631287, 0.05049556493759155, 0.12357263267040253, 0.2436261624097824, 0.303332656621933, 0.3846229612827301, 0.009983708150684834, 0.01815100945532322]","[0.028655894100666046, 0.024509482085704803, 0.040081687271595, 0.01744331605732441, 0.0211810190230608, 0.032553911209106445, 0.050976693630218506, 0.0204298198223114, 0.011704035103321075, 0.049384091049432755, 0.06978338211774826, 0.00754412030801177, 0.003874639282003045, 0.008568958379328251]","[16.691876949525096, 4.544439806943505, 4.2469625941948514, 2.7750398326329986, 3.0572422763524125, 1.2116272539017585, 3.7125853700743763, 2.471659827486357, 10.558122184317288, 4.933292427432069, 4.34677494005819, 50.98314257717561, 2.5766806724582696, 2.118228220026217]"
24,"[0.31925469636917114, 0.12400585412979126, 0.05022284761071205, 0.033369459211826324, 0.027897875756025314, 0.037476230412721634, 0.12250763922929764, 0.0437222383916378, 0.212030827999115, 0.0719216838479042, 0.18537399172782898, 0.24937394261360168, 0.28339675068855286, 0.30084526538848877, 0.21603895723819733]","[0.012115146033465862, 0.02175666019320488, 0.022299038246273994, 0.01588047668337822, 0.04774705320596695, 0.02707289531826973, 0.08324794471263885, 0.015849296003580093, 0.08488338440656662, 0.024439794942736626, 0.018082942813634872, 0.07501734048128128, 0.012063546106219292, 0.00844191201031208, 0.00974687933921814]","[26.35170021783384, 5.699673250792474, 2.2522427674253582, 2.1012882596120983, 0.584284764877153, 1.384271241481563, 1.4715995650364484, 2.7586233724047853, 2.4979073287599993, 2.942810445685795, 10.251317699686224, 3.324217321138261, 23.49199382944699, 35.63710034184153, 22.164936049729246]"
25,"[0.6385976076126099, 0.04397682845592499, 0.24017640948295593, 0.028913380578160286, 0.09217886626720428, 0.07179746776819229, 0.07078072428703308, 0.08644720166921616, 0.12980227172374725, 0.4159574508666992, 0.05092429742217064, 0.02977660484611988, 0.14403240382671356, 0.008780468255281448, 0.25150254368782043]","[0.06780125200748444, 0.03956288844347, 0.02717020735144615, 0.016687244176864624, 0.025965100154280663, 0.03606941178441048, 0.043578144162893295, 0.06689143180847168, 0.04137822985649109, 0.07395883649587631, 0.008963517844676971, 0.00603092648088932, 0.01287475973367691, 0.003371459897607565, 0.008587376214563847]","[9.418669843178064, 1.1115676884604093, 8.839697333784697, 1.7326636005150635, 3.5501063242387487, 1.9905361417405703, 1.6242253002435731, 1.2923508935604482, 3.136970145265528, 5.624175157080677, 5.681284770622985, 4.937318493348475, 11.187191590842936, 2.6043519786523905, 29.287472378499288]"
26,"[0.12357226759195328, 0.20421721041202545, 0.1503559648990631, 0.0730770155787468, 0.042643602937459946, 0.019230658188462257, 0.026442375034093857, 0.032044243067502975, 0.06573250889778137, 0.04124785587191582, 0.05276380851864815, 0.02610408328473568, 0.26725006103515625, 0.04382942616939545, 0.38288870453834534, 0.07448698580265045, 0.012479227967560291, 0.02342064306139946]","[0.002854171907529235, 0.039114680141210556, 0.015418045222759247, 0.05580863729119301, 0.022781379520893097, 0.015912789851427078, 0.005263419356197119, 0.006489560939371586, 0.03705234453082085, 0.015074961818754673, 0.032901350408792496, 0.018278639763593674, 0.03506213054060936, 0.005438202992081642, 0.06839055567979813, 0.0409829281270504, 0.006774210836738348, 0.0037747507449239492]","[43.29531352543016, 5.220986332363375, 9.751947327091512, 1.3094212495720416, 1.871862188957914, 1.2085032460060816, 5.023801685678106, 4.9378137237441475, 1.7740445235011733, 2.7361831073163714, 1.6036973517216986, 1.428119576858682, 7.622185443797381, 8.059542137947735, 5.598561098567689, 1.8175125401419527, 1.842167046216235, 6.204553530559359]"
27,"[0.1903432309627533, 0.08146225661039352, 0.07829583436250687, 0.05595094710588455, 0.07018416374921799, 0.027376271784305573, 0.054581671953201294, 0.05417373776435852, 0.10079772770404816, 0.05113360285758972, 0.23284725844860077, 0.3052344024181366, 0.11530743539333344, 0.0946946069598198]","[0.012116576544940472, 0.03274839371442795, 0.03414105996489525, 0.02339070662856102, 0.018969811499118805, 0.017484216019511223, 0.009352782741189003, 0.018843069672584534, 0.02776012197136879, 0.015302160754799843, 0.09297916293144226, 0.017011228948831558, 0.026385029777884483, 0.0074597131460905075]","[15.7093243505514, 2.4875191534815255, 2.293304145888052, 2.3920161111150926, 3.699781821895184, 1.5657706215569216, 5.835875104082918, 2.874995354030764, 3.631026110332254, 3.341593627001376, 2.504295060392075, 17.943112948291844, 4.370184015861233, 12.694135163822944]"
28,"[0.4473709166049957, 0.08187450468540192, 0.16616301238536835, 0.07680071145296097, 0.18154975771903992, 0.2453603297472, 0.06162531301379204, 0.09839002788066864, 0.3679354190826416, 0.053538765758275986, 0.03279148414731026, 0.01904665119946003, 0.2860139012336731, 0.24653774499893188]","[0.03007618524134159, 0.03337641805410385, 0.02734580636024475, 0.03828159347176552, 0.03476736694574356, 0.03604109212756157, 0.030483799055218697, 0.02944953180849552, 0.062037575989961624, 0.02686009369790554, 0.006514730863273144, 0.0017847174312919378, 0.02000044658780098, 0.012342098169028759]","[14.874589746510024, 2.4530644526528187, 6.076361771760939, 2.0062046662087125, 5.221843747970865, 6.807793972468623, 2.0215758837067273, 3.3409708690949493, 5.930847767846018, 1.9932456811366506, 5.033436504978671, 10.672082238627748, 14.300375743015842, 19.975351161733045]"
29,"[0.2632952928543091, 0.19192951917648315, 0.17557989060878754, 0.058829136192798615, 0.08544100821018219, 0.09206479042768478, 0.0937708169221878, 0.046849191188812256, 0.8473339676856995, 0.18231363594532013, 0.21899162232875824, 0.09600730240345001, 0.014189360663294792, 0.05504788085818291]","[0.052790381014347076, 0.009261184372007847, 0.05315917357802391, 0.01359576266258955, 0.03665190935134888, 0.03626980632543564, 0.041317589581012726, 0.053582485765218735, 0.08485693484544754, 0.027440832927823067, 0.024415574967861176, 0.007904495112597942, 0.004503517411649227, 0.014227817766368389]","[4.987561896602947, 20.72407928262337, 3.3029085817348474, 4.327019943844296, 2.331147536984666, 2.538331459551266, 2.269513247822174, 0.8743377713772068, 9.98544160508477, 6.643881270836607, 8.969341193767598, 12.145912045721492, 3.150728500924908, 3.8690319037051966]"
30,"[0.13225823640823364, 0.10305184125900269, 0.1373419463634491, 0.03331957384943962, 0.06865048408508301, 0.10631874203681946, 0.05441293492913246, 0.11781714111566544, 0.08777166903018951, 0.7210667729377747, 0.28015679121017456, 0.09265101701021194, 0.044629260897636414, 0.02323685586452484]","[0.010288241319358349, 0.024232951924204826, 0.049579717218875885, 0.022267544642090797, 0.016247563064098358, 0.01674146018922329, 0.029946595430374146, 0.04430120810866356, 0.040678489953279495, 0.1342155933380127, 0.016443204134702682, 0.009504325687885284, 0.00933743640780449, 0.005666546989232302]","[12.855281316095942, 4.252550064116227, 2.770123632555947, 1.4963290468253037, 4.225278819614337, 6.3506253836363875, 1.8169990326827827, 2.659456618579778, 2.157692410190201, 5.372451553537582, 17.037846694301848, 9.748299884999714, 4.779605337963431, 4.10070822825259]"
31,"[0.1820797324180603, 0.15667438507080078, 0.1603841632604599, 0.12909753620624542, 0.07909651845693588, 0.078289695084095, 0.049767475575208664, 0.046676333993673325, 0.12252660095691681, 0.18480290472507477, 0.39216142892837524, 0.08134890347719193, 0.009912702254951, 0.015963558107614517]","[0.013717731460928917, 0.02061404101550579, 0.040922414511442184, 0.0351843386888504, 0.04555696249008179, 0.01858580857515335, 0.02311863750219345, 0.10287065804004669, 0.03942936658859253, 0.0739409327507019, 0.026187719777226448, 0.004678619559854269, 0.007288675755262375, 0.0050138430669903755]","[13.273312204475134, 7.600372239142777, 3.9192253237065326, 3.669176145327275, 1.7362114182690735, 4.212337320032311, 2.152699334919146, 0.45373807150628526, 3.1074960507320317, 2.499331531942576, 14.975012420493726, 17.387373013873734, 1.360014162763942, 3.1838966426200592]"
32,"[0.18781007826328278, 0.08756271749734879, 0.17466428875923157, 0.04972708225250244, 0.06570331752300262, 0.04406283423304558, 0.1305273175239563, 0.04521140828728676, 0.08558154106140137, 0.2548990845680237, 0.06373508274555206, 0.023763496428728104, 0.08892034739255905, 0.07531735301017761, 0.2833034098148346]","[0.0077405693009495735, 0.02737714909017086, 0.017175218090415, 0.01960505172610283, 0.025257864966988564, 0.02620753087103367, 0.04295746237039566, 0.011188278906047344, 0.08318165689706802, 0.04415583610534668, 0.00689258798956871, 0.0030666107777506113, 0.005419895984232426, 0.005560057703405619, 0.02976328693330288]","[24.2630833678142, 3.1983869908786877, 10.169552889503436, 2.5364422877953503, 2.601301321741775, 1.6813042956956619, 3.0385248643995744, 4.040961855433339, 1.0288511223971295, 5.77271561475786, 9.246901576303294, 7.749107451503467, 16.406283008243395, 13.546145926515225, 9.518552519071386]"
33,"[0.7308745980262756, 0.12805712223052979, 0.1723848134279251, 0.03224380686879158, 0.02326071262359619, 0.07889007031917572, 0.16896042227745056, 0.036482859402894974, 0.12169746309518814, 0.07414354383945465, 0.035833634436130524, 0.09573047608137131, 0.06656660884618759, 0.021736692637205124, 0.556223452091217]","[0.03188661113381386, 0.05584503710269928, 0.04745794087648392, 0.010569833219051361, 0.01939847320318222, 0.01840890571475029, 0.04478127881884575, 0.03135637566447258, 0.03766302764415741, 0.022047491744160652, 0.009598769247531891, 0.004528617952018976, 0.004912269301712513, 0.0033711055293679237, 0.013277571648359299]","[22.921049683176477, 2.293079723360773, 3.632370268161892, 3.050550202691415, 1.1991001755633217, 4.285429647019399, 3.773014677873497, 1.163490952949349, 3.2312182718020765, 3.3629015354588714, 3.7331488560728077, 21.139004679935997, 13.551091106300131, 6.447941913370097, 41.89195636236308]"
34,"[0.09415070712566376, 0.08466994017362595, 0.1417209506034851, 0.06712939590215683, 0.039343252778053284, 0.028008468449115753, 0.15080256760120392, 0.050846535712480545, 0.1492135226726532, 0.08927544951438904, 0.30041277408599854, 0.18338342010974884, 0.04400856792926788, 0.04096337407827377, 0.07010198384523392]","[0.008510035462677479, 0.03952065482735634, 0.05387354642152786, 0.011934570968151093, 0.0231487937271595, 0.032457899302244186, 0.05423969030380249, 0.02395021915435791, 0.03383961319923401, 0.02663147822022438, 0.07712531834840775, 0.05073311924934387, 0.00786257442086935, 0.00444759102538228, 0.0024007803294807673]","[11.063491749074508, 2.142422501436315, 2.630622263004639, 5.624785011652291, 1.6995811203714477, 0.8629168569507272, 2.780299200761326, 2.1230092044159297, 4.409433458773423, 3.3522528781970427, 3.8951252392749516, 3.614668737564772, 5.597221161106916, 9.210238496412309, 29.199666035415802]"
35,"[0.2951143682003021, 0.046052947640419006, 0.1464279741048813, 0.04301759600639343, 0.0819050520658493, 0.022576969116926193, 0.11110594868659973, 0.07304535061120987, 0.2205079197883606, 0.04503163695335388, 0.06846620887517929, 0.19157321751117706, 0.08993401378393173, 0.03469467908143997, 0.4064643979072571]","[0.027867205440998077, 0.026378335431218147, 0.074192576110363, 0.027118567377328873, 0.012973400764167309, 0.025915807113051414, 0.031145351007580757, 0.015045730397105217, 0.03272046148777008, 0.025183960795402527, 0.055172208696603775, 0.04705522954463959, 0.0074352663941681385, 0.004540100693702698, 0.015210285782814026]","[10.59002377633932, 1.7458625378581096, 1.9736202970910002, 1.5862783386690313, 6.313306245196098, 0.8711659651748312, 3.567336539554703, 4.854888974035034, 6.739144552431811, 1.788107808743677, 1.240954648955242, 4.071241801709595, 12.095600751369393, 7.641830307764514, 26.72299545919892]"
36,"[0.05288425832986832, 0.596269428730011, 0.2517344057559967, 0.053560979664325714, 0.12027404457330704, 0.044969867914915085, 0.06056724116206169, 0.12383769452571869, 0.2566928267478943, 0.054537225514650345, 0.07202240824699402, 0.38973018527030945, 0.049286842346191406, 0.11936820298433304]","[0.007617841474711895, 0.018144283443689346, 0.026918698102235794, 0.03227401152253151, 0.03796492889523506, 0.03421682491898537, 0.017438270151615143, 0.05176769196987152, 0.03435191512107849, 0.012704744935035706, 0.01585698314011097, 0.0787402093410492, 0.013371667824685574, 0.006899456959217787]","[6.942157894125565, 32.862660604951905, 9.351656042202439, 1.659569949243313, 3.168030286720819, 1.3142618586437966, 3.4732367738007497, 2.392181103955561, 7.472445883821668, 4.292665912894777, 4.541999421365973, 4.9495700929910225, 3.6859158477749845, 17.301101186645592]"
37,"[0.10609307140111923, 0.05576423928141594, 0.10949219763278961, 0.18745677173137665, 0.10327190160751343, 0.1407717913389206, 0.09423352777957916, 0.10857786983251572, 0.6691836714744568, 0.14939479529857635, 0.024651672691106796, 0.03557703271508217, 0.011692189611494541, 0.012328032404184341]","[0.026690173894166946, 0.03464259207248688, 0.034546900540590286, 0.05847436562180519, 0.036416273564100266, 0.0358026921749115, 0.04553980007767677, 0.05268462002277374, 0.04319756478071213, 0.030880523845553398, 0.0038224998861551285, 0.00780493626371026, 0.01407136581838131, 0.005139417480677366]","[3.974986143657368, 1.6097016979772671, 3.169378321049196, 3.205794021670817, 2.8358723037856484, 3.9318772636200108, 2.0692565101042604, 2.060902589514383, 15.49123601924083, 4.837832286970361, 6.449097037358645, 4.558273317426142, 0.8309207338083081, 2.398721732673783]"
38,"[0.3232102692127228, 0.05225914716720581, 0.15098856389522552, 0.04610453173518181, 0.07401392608880997, 0.015902509912848473, 0.05708088353276253, 0.07449810951948166, 0.11133096367120743, 0.02036745846271515, 0.31622010469436646, 0.2566520869731903, 0.14615803956985474, 0.0883728638291359, 0.06302258372306824]","[0.017814425751566887, 0.01678047887980938, 0.03233925625681877, 0.012393919751048088, 0.0448480024933815, 0.02205033414065838, 0.03313210979104042, 0.034656208008527756, 0.016077887266874313, 0.026876525953412056, 0.07157699018716812, 0.16025172173976898, 0.01720685511827469, 0.015535740181803703, 0.004595370031893253]","[18.14317641893646, 3.1142822288632717, 4.668894135850431, 3.7199314390657556, 1.6503282637779166, 0.7211913348526543, 1.7228267047514834, 2.1496324554939803, 6.924477191762968, 0.7578158910128576, 4.417901672974459, 1.6015558783821668, 8.49417505785972, 5.688358764691685, 13.714365390746014]"
39,"[0.1415291428565979, 0.17623302340507507, 0.1407950520515442, 0.04784557968378067, 0.0734749510884285, 0.05833231285214424, 0.1372442990541458, 0.09619530290365219, 0.10265851765871048, 0.37991687655448914, 0.4694594442844391, 0.11837698519229889, 0.25215262174606323, 0.3619779646396637]","[0.006473878864198923, 0.03411795198917389, 0.038196515291929245, 0.049145255237817764, 0.045185331255197525, 0.035498593002557755, 0.03882187232375145, 0.03862861916422844, 0.0344683863222599, 0.05015812814235687, 0.08421812206506729, 0.009799057617783546, 0.029510071501135826, 0.009957469999790192]","[21.861567975771926, 5.16540451962053, 3.686070600301425, 0.9735544042299127, 1.6260797264815205, 1.6432288696045296, 3.535231322941087, 2.4902599415909923, 2.978338373572567, 7.574383068607019, 5.574328099143942, 12.08044587649589, 8.544629305163086, 36.35240323569047]"
40,"[0.04887909069657326, 0.14475449919700623, 0.11913876980543137, 0.1215335875749588, 0.10308056324720383, 0.07071517407894135, 0.06662589311599731, 0.08111032098531723, 0.06789080798625946, 0.07256794720888138, 0.09389661252498627, 0.06045990809798241, 0.34797313809394836, 0.2691640257835388, 0.17536452412605286]","[0.006026397924870253, 0.027102207764983177, 0.02750272862613201, 0.024390341714024544, 0.012661101296544075, 0.034271448850631714, 0.03485303372144699, 0.019415294751524925, 0.023925496265292168, 0.014993192628026009, 0.043014705181121826, 0.020673928782343864, 0.039664559066295624, 0.016993194818496704, 0.005875356029719114]","[8.110830268086822, 5.341059313405204, 4.331889079988609, 4.982857107945991, 8.141516352557758, 2.0633844337058975, 1.9116239248636406, 4.1776507657163755, 2.837592467611472, 4.840059686369521, 2.182895643004322, 2.9244517931017024, 8.772898181279253, 15.839518622511168, 29.847471921533337]"
41,"[0.4131581783294678, 0.11029059439897537, 0.08558671921491623, 0.04698210582137108, 0.12890928983688354, 0.06413999199867249, 0.08384782820940018, 0.17171336710453033, 0.06796056032180786, 0.3274884819984436, 0.6130189895629883, 0.04526958242058754, 0.03689683973789215, 0.013140040449798107]","[0.006582312285900116, 0.04434216395020485, 0.037460409104824066, 0.03773052617907524, 0.03391110897064209, 0.041624218225479126, 0.06102929264307022, 0.04481928050518036, 0.03509381040930748, 0.043554000556468964, 0.06331310421228409, 0.005411007907241583, 0.008596519008278847, 0.004669794347137213]","[62.76793934777121, 2.4872623384557637, 2.2847246268833343, 1.2452014477186544, 3.801388210231767, 1.5409296494465077, 1.3738948065445251, 3.831238814391122, 1.9365397923214276, 7.519136653677674, 9.682339812427797, 8.366201490854042, 4.292067487125752, 2.8138370714019825]"
42,"[0.06208919733762741, 0.03407220169901848, 0.18894663453102112, 0.25560852885246277, 0.12634119391441345, 0.20271410048007965, 0.05759397894144058, 0.10825712978839874, 0.02406836859881878, 0.05428991839289665, 0.0372726246714592, 0.0882217064499855, 0.06855032593011856, 0.05346958339214325, 0.06804760545492172, 0.218835711479187, 0.009679307229816914, 0.02084716409444809]","[0.003371668281033635, 0.005852729547768831, 0.03608495742082596, 0.040618475526571274, 0.03990922495722771, 0.0458267480134964, 0.028584228828549385, 0.03972172364592552, 0.02800039015710354, 0.05065570026636124, 0.02071811817586422, 0.03171892464160919, 0.03708699718117714, 0.013727708719670773, 0.023994794115424156, 0.056266844272613525, 0.002437372226268053, 0.0016438416205346584]","[18.41497803532234, 5.821591689984621, 5.236160661837807, 6.292912905735521, 3.1657140435530455, 4.42348866693265, 2.0148865756321124, 2.72538852425915, 0.8595726153734602, 1.0717435176579482, 1.7990352383876407, 2.7813586824521606, 1.8483654957352569, 3.895011504398062, 2.83593204124139, 3.8892479986779676, 3.971206008463157, 12.68197850329861]"
43,"[0.14588269591331482, 0.14009058475494385, 0.0924074724316597, 0.060720302164554596, 0.06068986654281616, 0.07763754576444626, 0.1520790159702301, 0.05173762887716293, 0.11009944975376129, 0.07211970537900925, 0.14431776106357574, 0.11588220298290253, 0.0339798741042614, 0.015742309391498566, 0.3162387013435364]","[0.026643868535757065, 0.042824774980545044, 0.03616415336728096, 0.024737849831581116, 0.020225124433636665, 0.014897125773131847, 0.039844829589128494, 0.04930160194635391, 0.029781807214021683, 0.022542810067534447, 0.05207185447216034, 0.051371507346630096, 0.0068834139965474606, 0.004007468465715647, 0.007344336714595556]","[5.4752820791595935, 3.2712509246945465, 2.555222888620535, 2.454550519869239, 3.000716595932634, 5.211578860700214, 3.816781688827307, 1.0494107054261586, 3.6968693324267092, 3.199233155181222, 2.7715118373733683, 2.255768011652558, 4.936485604571337, 3.9282428610919418, 43.05885114377565]"
44,"[0.05495240166783333, 0.13218681514263153, 0.1176065132021904, 0.09734633564949036, 0.14244724810123444, 0.10829631239175797, 0.01662633568048477, 0.11680927872657776, 0.16251195967197418, 0.08068084716796875, 0.06187518686056137, 0.3357766270637512, 0.015390201471745968, 0.033552683889865875]","[0.009689901024103165, 0.006658962462097406, 0.013051450252532959, 0.03839421644806862, 0.04763494059443474, 0.01827048324048519, 0.015452984720468521, 0.03451346606016159, 0.04378213360905647, 0.03452193737030029, 0.04539183899760246, 0.06551039218902588, 0.0032589964102953672, 0.007635262794792652]","[5.671100409709228, 19.850962652971013, 9.010991953125357, 2.535442695676819, 2.990394158649938, 5.927391791793792, 1.0759303772857594, 3.3844551724525016, 3.7118328020075766, 2.337089205120325, 1.3631346124537835, 5.12554750237016, 4.722374477961187, 4.3944373352478765]"
45,"[0.24086865782737732, 0.056303899735212326, 0.15296657383441925, 0.01207026094198227, 0.22205063700675964, 0.0313616581261158, 0.1101607084274292, 0.20404498279094696, 0.09338580071926117, 0.2763006091117859, 0.04237630218267441, 0.06896044313907623, 0.07862845063209534, 0.08339950442314148, 0.09646222740411758, 0.057665418833494186, 0.06969764083623886, 0.2954595386981964]","[0.018745221197605133, 0.02455088309943676, 0.008956585079431534, 0.008601062931120396, 0.01217289362102747, 0.0016207135049626231, 0.0161211509257555, 0.024464359506964684, 0.017105335369706154, 0.010579210706055164, 0.03485708683729172, 0.0232712235301733, 0.029446979984641075, 0.032993655651807785, 0.026733046397566795, 0.02044076658785343, 0.021406853571534157, 0.02727704495191574]","[12.849603388950694, 2.2933553757381557, 17.078671444287547, 1.4033452654217433, 18.241401257560415, 19.350525574129193, 6.833302965449821, 8.340499686200982, 5.459454532803201, 26.11731789722661, 1.215715541016993, 2.9633355139089534, 2.6701702746124147, 2.52774367603524, 3.6083514751576327, 2.8210986405842946, 3.255856382785724, 10.83180158331064]"
46,"[0.5706270337104797, 0.03346499428153038, 0.05658160150051117, 0.0332377552986145, 0.1141270250082016, 0.022794589400291443, 0.05845585837960243, 0.08158659189939499, 0.03878508880734444, 0.05062245577573776, 0.1040024682879448, 0.3100212514400482, 0.31158050894737244, 0.27238744497299194]","[0.027075864374637604, 0.02904811128973961, 0.024279411882162094, 0.023103555664420128, 0.023619739338755608, 0.017000237479805946, 0.02981983870267868, 0.037333521991968155, 0.015373719856142998, 0.04292388632893562, 0.04814881831407547, 0.04473625496029854, 0.022353792563080788, 0.03473416715860367]","[21.07511789152686, 1.1520540508721786, 2.330435423029388, 1.4386424228977541, 4.831849470114191, 1.3408394692937924, 1.9603009581118698, 2.1853440968400286, 2.522817455389417, 1.1793539706029, 2.160021199472334, 6.929977748811975, 13.938597133712982, 7.8420606352590045]"
47,"[0.17872363328933716, 0.12070708721876144, 0.39333614706993103, 0.12756843864917755, 0.11558504402637482, 0.04901749640703201, 0.11690689623355865, 0.14950188994407654, 0.10408136993646622, 0.025970568880438805, 0.09178639948368073, 0.3078588843345642, 0.006448907777667046, 0.026668457314372063, 0.04889266937971115]","[0.003674103645607829, 0.035807568579912186, 0.04560177028179169, 0.03884493187069893, 0.07310643047094345, 0.025117740035057068, 0.027297059074044228, 0.02523239701986313, 0.037813618779182434, 0.022749675437808037, 0.01664014533162117, 0.07266510277986526, 0.001931235077790916, 0.003742053173482418, 0.004547444637864828]","[48.644145764094205, 3.370993675523597, 8.625457841644057, 3.284043310303848, 1.581051670582039, 1.951509026632883, 4.282765257474976, 5.924997527043806, 2.7524837160987676, 1.1415797535853156, 5.5159614086578665, 4.236681330613471, 3.339266074766913, 7.126691171401486, 10.751679959465728]"
48,"[0.12374348193407059, 0.06836984306573868, 0.0922628864645958, 0.02675134502351284, 0.0603625625371933, 0.03138452023267746, 0.055572278797626495, 0.03824079409241676, 0.0377163365483284, 0.34386181831359863, 0.23215635120868683, 0.45126819610595703, 0.130426824092865, 0.17301538586616516]","[0.021039333194494247, 0.02203003689646721, 0.03323809802532196, 0.01663905382156372, 0.036194879561662674, 0.017412595450878143, 0.016189344227313995, 0.021174369379878044, 0.029467016458511353, 0.12711556255817413, 0.036427807062864304, 0.03432281315326691, 0.02025984786450863, 0.020495524629950523]","[5.881530597483614, 3.1034829123097216, 2.7758172683138085, 1.607744365178018, 1.6677099984365977, 1.802403341949502, 3.432645449830342, 1.80599447409078, 1.279950978458638, 2.7051118792494906, 6.373053168093519, 13.147762512671678, 6.437700073816832, 8.441617816083337]"
49,"[0.08567462861537933, 0.17147459089756012, 0.06465800851583481, 0.08733610808849335, 0.04682540148496628, 0.04972797632217407, 0.05192602798342705, 0.05428699776530266, 0.08127110451459885, 0.03904895856976509, 0.43509751558303833, 0.2076609581708908, 0.5866263508796692, 0.2046249806880951, 0.43864205479621887, 0.29273319244384766, 0.16178853809833527, 0.31581979990005493]","[0.015219348482787609, 0.03012407384812832, 0.015666505321860313, 0.012354097329080105, 0.020393451675772667, 0.022445442155003548, 0.018629148602485657, 0.025760427117347717, 0.018193883821368217, 0.009452460333704948, 0.05566645786166191, 0.040549386292696, 0.013626507483422756, 0.03171052783727646, 0.008659375831484795, 0.019979270175099373, 0.03982837125658989, 0.017168447375297546]","[5.629323010263773, 5.692277603688528, 4.127149430423008, 7.069404243959964, 2.296099857416224, 2.21550442084246, 2.7873537911710384, 2.107379567815645, 4.466946437194909, 4.131089387439896, 7.8161523527203745, 5.121186216529644, 43.05038188202853, 6.452903645695664, 50.65515844702705, 14.651846132432196, 4.0621429647732885, 18.3953617351832]"
50,"[0.2520822584629059, 0.31122156977653503, 0.2589643597602844, 0.08466140925884247, 0.04847792536020279, 0.04328301548957825, 0.06861253082752228, 0.06133052706718445, 0.16318117082118988, 0.047683168202638626, 0.09879158437252045, 0.08198384940624237, 0.2602355480194092, 0.11074356734752655, 0.08973406255245209, 0.18343260884284973, 0.018561165779829025, 0.009472685866057873]","[0.005350345745682716, 0.027334587648510933, 0.025166336447000504, 0.04245772585272789, 0.020158296450972557, 0.020205318927764893, 0.015063047409057617, 0.01100227888673544, 0.008911981247365475, 0.04572668671607971, 0.10523159056901932, 0.02920287661254406, 0.031396593898534775, 0.0314425490796566, 0.03974693641066551, 0.039915911853313446, 0.0019812467508018017, 0.010004187934100628]","[47.11513431936904, 11.385632509934315, 10.290109579741774, 1.994016579043953, 2.4048622103612294, 2.142159480101124, 4.555023227654758, 5.574347614576987, 18.310313530947887, 1.0427864257628559, 0.9388015883664231, 2.8073895080262847, 8.288655414673944, 3.522092533495571, 2.2576346922771453, 4.595475847249695, 9.368427114046954, 0.9468720428340757]"
51,"[0.10617681592702866, 0.08975262194871902, 0.18297332525253296, 0.05433078110218048, 0.1553199142217636, 0.0580645427107811, 0.08263567090034485, 0.21534353494644165, 0.11187498271465302, 0.20065341889858246, 0.042121611535549164, 0.07819588482379913, 0.014922425150871277, 0.03042983077466488, 0.3115791976451874]","[0.028426460921764374, 0.015496546402573586, 0.017051847651600838, 0.01324235275387764, 0.02299615554511547, 0.029510121792554855, 0.038062017410993576, 0.028434190899133682, 0.0748504102230072, 0.03166111931204796, 0.010474998503923416, 0.012300281785428524, 0.005953439511358738, 0.008309148252010345, 0.01068186480551958]","[3.7351401646251245, 5.791782221476998, 10.730410509816824, 4.102804245738831, 6.754168709506513, 1.9676144720429543, 2.171079635849174, 7.573401181357427, 1.494647556123418, 6.3375339614802595, 4.021156806826511, 6.357243369532684, 2.5065216707754154, 3.662208189305393, 29.168989059306085]"
52,"[0.30140912532806396, 0.023456666618585587, 0.0365169420838356, 0.034686535596847534, 0.05046195909380913, 0.033117931336164474, 0.23031234741210938, 0.033076025545597076, 0.0695580318570137, 0.29051995277404785, 0.03336683660745621, 0.01253378577530384, 0.12968631088733673, 0.1713441163301468]","[0.03369706869125366, 0.004140740726143122, 0.015714192762970924, 0.012269623577594757, 0.018214203417301178, 0.013306815177202225, 0.034042838960886, 0.018514670431613922, 0.012189464643597603, 0.14882242679595947, 0.006122727878391743, 0.010824425145983696, 0.007873433642089367, 0.013006036169826984]","[8.944668988560927, 5.664847951113861, 2.323819150919701, 2.8270252447016975, 2.7704730170014837, 2.488794718732057, 6.7653684135077565, 1.7864766033922777, 5.70640580950767, 1.952124817668512, 5.449668394575242, 1.157916989241169, 16.47137916982837, 13.174199586469866]"
53,"[0.10582485049962997, 0.10576928406953812, 0.03942282870411873, 0.04486987367272377, 0.014518171548843384, 0.05048280581831932, 0.07164432108402252, 0.22608599066734314, 0.1817055344581604, 0.1856856495141983, 0.15222391486167908, 0.10315308719873428, 0.15020442008972168, 0.13297544419765472, 0.3457237482070923]","[0.03542079031467438, 0.04179253429174423, 0.02406240627169609, 0.02282092720270157, 0.03741218522191048, 0.043526437133550644, 0.02491014637053013, 0.06875629723072052, 0.06780702620744705, 0.02084907703101635, 0.015002062544226646, 0.019814876839518547, 0.0058564357459545135, 0.005585340782999992, 0.022359654307365417]","[2.9876479197526007, 2.530817665451601, 1.6383577045031716, 1.966172245070394, 0.38805997197781444, 1.1598193912225045, 2.87611000025199, 3.2882223123313747, 2.679744926466104, 8.906180798217642, 10.14686576681821, 5.20584044171332, 25.647753446877534, 23.807937485639165, 15.461945138087783]"
54,"[0.6533032655715942, 0.05774139612913132, 0.19135782122612, 0.052774254232645035, 0.1741529107093811, 0.09467975795269012, 0.09072771668434143, 0.06825508922338486, 0.05571296811103821, 0.31727859377861023, 0.027315450832247734, 0.014430053532123566, 0.09742709249258041, 0.11239738762378693]","[0.009516406804323196, 0.03330070525407791, 0.04313739016652107, 0.0376068539917469, 0.03415420651435852, 0.03541170060634613, 0.08041363209486008, 0.049653153866529465, 0.033970627933740616, 0.05538671091198921, 0.004044214263558388, 0.003689597127959132, 0.008918249979615211, 0.00370325380936265]","[68.65020369608473, 1.733939136981505, 4.4360083094371525, 1.4033147852310839, 5.099017909731463, 2.6736857121095894, 1.1282628867865878, 1.374637538772632, 1.640033508350385, 5.728424536397791, 6.754204661800895, 3.9110106148920982, 10.924463063411912, 30.35098143681681]"
55,"[0.08165844529867172, 0.07893262058496475, 0.16130192577838898, 0.04456900805234909, 0.07219848036766052, 0.04298814386129379, 0.09945447742938995, 0.014501321129500866, 0.08565972745418549, 0.2961597740650177, 0.28586545586586, 0.12379347532987595, 0.127639502286911, 0.2872569262981415, 0.30734747648239136]","[0.050536613911390305, 0.019001038745045662, 0.04146910458803177, 0.03632013872265816, 0.03498837351799011, 0.02607286162674427, 0.04989185556769371, 0.015874123200774193, 0.046659793704748154, 0.03279759734869003, 0.06292462348937988, 0.03026159293949604, 0.010247512720525265, 0.015524315647780895, 0.010266962461173534]","[1.6158273967830472, 4.1541213427368895, 3.8896891404050637, 1.2271155788440014, 2.0634991886815754, 1.6487696853803977, 1.9934010530927084, 0.9135195025318706, 1.835835966104339, 9.029922860396558, 4.542982381358341, 4.09077855145908, 12.455656876741939, 18.503677251576825, 29.935580035934105]"
56,"[0.12363691627979279, 0.1108601912856102, 0.2247796356678009, 0.03617551922798157, 0.02598646655678749, 0.03207603842020035, 0.16962872445583344, 0.09646614640951157, 0.2604336142539978, 0.2190093696117401, 0.06354156881570816, 0.05630695819854736, 0.058042168617248535, 0.08136985450983047, 0.024897120893001556]","[0.008101598359644413, 0.05572115257382393, 0.034541837871074677, 0.03392460197210312, 0.030249880626797676, 0.013363336212933064, 0.05133868008852005, 0.0488559789955616, 0.05141796916723251, 0.09973175823688507, 0.035579800605773926, 0.014425113797187805, 0.008954180404543877, 0.00798523984849453, 0.010950818657875061]","[15.260805435091864, 1.9895530900717384, 6.50746021409681, 1.066350587037968, 0.8590601357205581, 2.4003016843321725, 3.304111522995007, 1.974500325093786, 5.065031125732716, 2.195984242968466, 1.7858888395624277, 3.9033978511507117, 6.482130803149167, 10.190032616887677, 2.273539693317567]"
57,"[0.2251286655664444, 0.08290272206068039, 0.1613713800907135, 0.05282767489552498, 0.07152167707681656, 0.04044054076075554, 0.0780353918671608, 0.04866764321923256, 0.0840100646018982, 0.07256945967674255, 0.18083086609840393, 0.15059952437877655, 0.01862017996609211, 0.005933165084570646, 0.030531153082847595]","[0.0033202702179551125, 0.03170394524931908, 0.01651647314429283, 0.022752484306693077, 0.036001887172460556, 0.008244148455560207, 0.024909762665629387, 0.06110910698771477, 0.014381061308085918, 0.05134262144565582, 0.07912309467792511, 0.06746610999107361, 0.003956608474254608, 0.003654432250186801, 0.004485858138650656]","[67.8043203679659, 2.6149023854518845, 9.770329215016126, 2.321842053967914, 1.9866091111892232, 4.905362995189722, 3.1327232183883638, 0.7964057342388686, 5.841715211565266, 1.4134350298719072, 2.285437227076189, 2.2322248073692443, 4.7060961647462465, 1.6235531755356432, 6.806089746750518]"
58,"[0.051201917231082916, 0.25196194648742676, 0.20402437448501587, 0.2698157727718353, 0.19425709545612335, 0.13632476329803467, 0.0656907856464386, 0.07140102237462997, 0.08812110126018524, 0.0662044808268547, 0.08224515616893768, 0.0847707986831665, 0.029729370027780533, 0.02154451422393322]","[0.005853143986314535, 0.03480612486600876, 0.01957840286195278, 0.023850902915000916, 0.02621973119676113, 0.018446259200572968, 0.02006964012980461, 0.017794672399759293, 0.03939363360404968, 0.026801709085702896, 0.04168252646923065, 0.046144552528858185, 0.0036508480552583933, 0.009000150486826897]","[8.747763142475245, 7.239011738807205, 10.420889585508618, 11.31260203160426, 7.408813385551395, 7.390374482746085, 3.273142180007696, 4.012494344970117, 2.236937626670883, 2.4701589221476485, 1.9731327041716076, 1.8370705541060774, 8.143140875162059, 2.3937948877040363]"
59,"[0.06522800773382187, 0.1502610146999359, 0.2616955637931824, 0.38916274905204773, 0.3435347080230713, 0.0581820048391819, 0.025202564895153046, 0.08461082726716995, 0.047757308930158615, 0.1033012792468071, 0.17863284051418304, 0.01506373006850481, 0.019797643646597862, 0.030285421758890152]","[0.01387243065983057, 0.05802454426884651, 0.030998459085822105, 0.019079148769378662, 0.03689119592308998, 0.03755038604140282, 0.029070129618048668, 0.021057967096567154, 0.02404371090233326, 0.008896935731172562, 0.15222904086112976, 0.007414032239466906, 0.004617851227521896, 0.0052144951187074184]","[4.701988377761229, 2.589611285936654, 8.442212016689409, 20.397280494853092, 9.312105488238048, 1.5494382607686321, 0.866957431091247, 4.017995985992547, 1.9862703026230502, 11.610882934094503, 1.1734478487395847, 2.031786426327699, 4.28719823813423, 5.807929832025113]"
60,"[0.1976328045129776, 0.12620989978313446, 0.06702400743961334, 0.10292309522628784, 0.02026750147342682, 0.03507862240076065, 0.05440869927406311, 0.0344511903822422, 0.07162990421056747, 0.10195708274841309, 0.07179665565490723, 0.053481217473745346, 0.18195542693138123, 0.33562320470809937, 0.36264389753341675, 0.2886972427368164, 0.024281993508338928, 0.006748469080775976]","[0.04640646651387215, 0.019229691475629807, 0.016670910641551018, 0.05066123977303505, 0.015367107465863228, 0.02923162467777729, 0.023859502747654915, 0.05405791476368904, 0.03828912973403931, 0.025650236755609512, 0.01744489185512066, 0.029705261811614037, 0.04569051042199135, 0.05907044932246208, 0.0675726905465126, 0.016739269718527794, 0.0035621533170342445, 0.00418426375836134]","[4.258734167013121, 6.563282616524708, 4.020416693528483, 2.031594483028615, 1.3188885103100512, 1.2000230157384448, 2.280378591687574, 0.6373015040044281, 1.8707634440405676, 3.974898310679953, 4.115626296292144, 1.800395425326145, 3.9823461206903934, 5.681744570384969, 5.366722778099186, 17.24670476020068, 6.816661537902439, 1.612821148592899]"
61,"[0.35498058795928955, 0.07745866477489471, 0.19948667287826538, 0.019902896136045456, 0.025157654657959938, 0.054269563406705856, 0.13257041573524475, 0.04065195098519325, 0.10683384537696838, 0.03550111502408981, 0.3613983988761902, 0.3827645778656006, 0.10868541896343231, 0.05113277956843376, 0.08508072048425674]","[0.016291731968522072, 0.027071775868535042, 0.026553498581051826, 0.0156575758010149, 0.021596815437078476, 0.016026435419917107, 0.021514378488063812, 0.01787075586616993, 0.048072658479213715, 0.015967348590493202, 0.07760566473007202, 0.06588379293680191, 0.024133270606398582, 0.01041396614164114, 0.012974577024579048]","[21.78900246119702, 2.8612332323910565, 7.512632366290747, 1.2711352248255046, 1.164877976165321, 3.3862528993354, 6.161944943415162, 2.2747751292461587, 2.2223411135700473, 2.2233569225905683, 4.6568559155211915, 5.809692502566786, 4.503551165361564, 4.910019763169283, 6.557494731664837]"
62,"[0.6239472031593323, 0.11080589890480042, 0.18805398046970367, 0.03743088245391846, 0.04339144378900528, 0.07913229614496231, 0.04415825009346008, 0.05549483746290207, 0.10955557227134705, 0.3875936269760132, 0.07778751850128174, 0.01689489372074604, 0.13594911992549896, 0.11842071264982224]","[0.01875266805291176, 0.0412910170853138, 0.05377202481031418, 0.01435435377061367, 0.03143769130110741, 0.022117359563708305, 0.02820802852511406, 0.04461413994431496, 0.03864032030105591, 0.06151744723320007, 0.01783190853893757, 0.011438916437327862, 0.007263273932039738, 0.002738803159445524]","[33.272449626838615, 2.6835352269443455, 3.4972456613467986, 2.6076327121425145, 1.3802363339408705, 3.5778364916040006, 1.5654497106788334, 1.24388450684397, 2.8352656349060665, 6.300547964981787, 4.362265448559571, 1.4769662680299025, 18.717333422576907, 43.23812474124527]"
63,"[0.20705059170722961, 0.09017544984817505, 0.16472364962100983, 0.0968015119433403, 0.08488030731678009, 0.05550284683704376, 0.1151009276509285, 0.06257495284080505, 0.10748855769634247, 0.11836511641740799, 0.045486703515052795, 0.02542954497039318, 0.05147750675678253, 0.018117252737283707]","[0.015015939250588417, 0.04324003681540489, 0.023158621042966843, 0.01228722371160984, 0.012749931775033474, 0.025165963917970657, 0.03169626370072365, 0.016615603119134903, 0.04706288129091263, 0.03281057998538017, 0.004886100068688393, 0.007390173152089119, 0.0037307862658053637, 0.004116206429898739]","[13.788720655560464, 2.0854619119114335, 7.112843606508064, 7.878224911936401, 6.657314628380217, 2.2054727177531226, 3.6313720991758616, 3.7660355987163854, 2.2839349132051003, 3.607528927259117, 9.309408910092806, 3.440994472937963, 13.798031591517638, 4.401444156368368]"
64,"[0.10906749963760376, 0.09659029543399811, 0.22080527245998383, 0.035522766411304474, 0.19549663364887238, 0.15692652761936188, 0.06739853322505951, 0.05103880539536476, 0.039275024086236954, 0.06752472370862961, 0.2902328073978424, 0.14849071204662323, 0.18207302689552307, 0.238353431224823, 0.058945003896951675, 0.07580385357141495, 0.15480633080005646, 0.10202112793922424]","[0.028991051018238068, 0.013269849121570587, 0.01960826851427555, 0.017698287963867188, 0.023708123713731766, 0.024932999163866043, 0.047149352729320526, 0.033244844526052475, 0.03826739639043808, 0.06867312639951706, 0.07118455320596695, 0.07690559327602386, 0.04009099304676056, 0.06830541044473648, 0.016399534419178963, 0.021746473386883736, 0.013707706704735756, 0.009099225513637066]","[3.762109196006387, 7.278929439897499, 11.260824600562225, 2.0071300955113696, 8.245976611621971, 6.293929045118103, 1.4294688966779119, 1.5352397077798925, 1.0263312320890128, 0.9832772621388106, 4.077188017997057, 1.930818107256144, 4.541494561712658, 3.489524909855661, 3.594309593814843, 3.4857998454653165, 11.293379274490443, 11.21206720135956]"
65,"[0.15375761687755585, 0.17041733860969543, 0.32215434312820435, 0.08376288414001465, 0.15889421105384827, 0.02504214085638523, 0.06522310525178909, 0.028786208480596542, 0.0529547818005085, 0.039281781762838364, 0.01261969842016697, 0.0047171274200081825, 0.01810348965227604, 0.026428578421473503, 0.40243780612945557]","[0.004466938320547342, 0.031370699405670166, 0.01845519244670868, 0.01575389690697193, 0.028011590242385864, 0.029023712500929832, 0.033402275294065475, 0.013474666513502598, 0.034187886863946915, 0.035344041883945465, 0.004479506053030491, 0.003029101761057973, 0.0039558932185173035, 0.009167197160422802, 0.013838035985827446]","[34.42125362920069, 5.43237294157659, 17.45602729738306, 5.316962820985908, 5.672445215674217, 0.8628165971387346, 1.9526545625284746, 2.136320661572638, 1.5489340423772242, 1.1114117024822099, 2.817207582882815, 1.5572693795406312, 4.576334256833493, 2.882950803717042, 29.082003149986157]"
66,"[0.052459366619586945, 0.024843892082571983, 0.024044154211878777, 0.1745651811361313, 0.11405190825462341, 0.17174826562404633, 0.1827830970287323, 0.10498570650815964, 0.04071010649204254, 0.04366198554635048, 0.06124206632375717, 0.08534570038318634, 0.11883155256509781, 0.054845452308654785, 0.08624894917011261, 0.07084988802671432, 0.2018841654062271, 0.20040206611156464]","[0.004915219731628895, 0.0034783347509801388, 0.0034400264266878366, 0.0040497975423932076, 0.004930730443447828, 0.029302705079317093, 0.03312987461686134, 0.012262556701898575, 0.015400713309645653, 0.02745996229350567, 0.04876566305756569, 0.016581056639552116, 0.012476478703320026, 0.027785252779722214, 0.032664693892002106, 0.026524173095822334, 0.04385164752602577, 0.01868448592722416]","[10.672842616173744, 7.142467261258099, 6.989526017981562, 43.10466864300897, 23.130834176137252, 5.861174426018178, 5.51716839084279, 8.561485916872867, 2.6433909698549685, 1.5900235069396516, 1.2558440198273044, 5.1471810415027734, 9.524446391550878, 1.9739051051096146, 2.6404334127628397, 2.6711440832013524, 4.603798871784913, 10.725586290793775]"
67,"[0.09553380310535431, 0.22066813707351685, 0.18249940872192383, 0.08008067309856415, 0.10597604513168335, 0.019103966653347015, 0.11202684789896011, 0.0662102997303009, 0.11299225687980652, 0.06937973201274872, 0.3241897225379944, 0.26716023683547974, 0.0933598205447197, 0.26418524980545044, 0.10526637732982635]","[0.011313557624816895, 0.01924639195203781, 0.020304085686802864, 0.025763681158423424, 0.022363772615790367, 0.017862774431705475, 0.019602086395025253, 0.02195015922188759, 0.04063137248158455, 0.03378792479634285, 0.12909354269504547, 0.021929733455181122, 0.033798251301050186, 0.024733800441026688, 0.007792412303388119]","[8.444187608661293, 11.465428825487079, 8.98830962088304, 3.1082776023402934, 4.738737374608117, 1.0694848511012092, 5.715047145562577, 3.0163926858571184, 2.7809116448384374, 2.053388375608622, 2.511277603588739, 12.182557411447261, 2.7622677786829404, 10.681142610305796, 13.508830543278213]"
68,"[0.1318323016166687, 0.03958072140812874, 0.05951346457004547, 0.05657840147614479, 0.010754795745015144, 0.039388466626405716, 0.06074844300746918, 0.10821334272623062, 0.2570550739765167, 0.36746421456336975, 0.010586527176201344, 0.08540073037147522, 0.16207510232925415, 0.16737553477287292, 0.7060825228691101]","[0.028844177722930908, 0.015758486464619637, 0.02180488593876362, 0.009346536360681057, 0.011941703036427498, 0.014986339956521988, 0.022288991138339043, 0.026008129119873047, 0.025177059695124626, 0.06740332394838333, 0.005307658575475216, 0.01454976387321949, 0.006054802797734737, 0.004597887396812439, 0.06171085685491562]","[4.570499560882368, 2.5117083101219073, 2.729363718626267, 6.0534083742677565, 0.9006082057314807, 2.6282912799708664, 2.725490921972528, 4.160750749408724, 10.209892540640627, 5.451722452809145, 1.9945757673859965, 5.869561259936669, 26.768023293820693, 36.40270418299256, 11.441787699191]"
69,"[0.9395254254341125, 0.3701869249343872, 0.2853504717350006, 0.07617676258087158, 0.04916009679436684, 0.030567318201065063, 0.16074077785015106, 0.07675701379776001, 0.08327487856149673, 0.10303937643766403, 0.26330846548080444, 0.022399378940463066, 0.016727015376091003, 0.00944676622748375]","[0.030989818274974823, 0.036456555128097534, 0.027638081461191177, 0.03802875801920891, 0.040584929287433624, 0.019745294004678726, 0.08055020868778229, 0.03617333248257637, 0.02275359258055687, 0.07829847186803818, 0.027670422568917274, 0.005149624776095152, 0.008046267554163933, 0.0021193325519561768]","[30.317229262128542, 10.154193769369048, 10.324539788902635, 2.0031356938449982, 1.2112894529445035, 1.548081188045213, 1.9955352129898571, 2.121922657657588, 3.6598562739782814, 1.3159819595371338, 9.515881617817575, 4.349710884653624, 2.0788539858377932, 4.457425154331838]"
70,"[0.24305571615695953, 0.05285847187042236, 0.10745558887720108, 0.017438603565096855, 0.023694554343819618, 0.1112152636051178, 0.04104692488908768, 0.04742827266454697, 0.732330322265625, 0.15637604892253876, 0.06449148803949356, 0.10450413078069687, 0.2706204056739807, 0.2028772383928299]","[0.036563530564308167, 0.017153527587652206, 0.05605616047978401, 0.018141798675060272, 0.025564994663000107, 0.03147538751363754, 0.01979079283773899, 0.033906687051057816, 0.0668669119477272, 0.025580547749996185, 0.02523125521838665, 0.013073076494038105, 0.02582409419119358, 0.020610718056559563]","[6.64749033820658, 3.081492806673305, 1.9169273806391656, 0.9612389530631212, 0.9268358807096662, 3.5334041100186884, 2.074041460876466, 1.3987881680427197, 10.952058363905302, 6.113084459755639, 2.556015841514575, 7.993843746600529, 10.47937649508212, 9.84328822683896]"
71,"[0.13761168718338013, 0.1812313199043274, 0.17221428453922272, 0.07949644327163696, 0.040279559791088104, 0.03436800837516785, 0.08088535070419312, 0.05377456173300743, 0.03241090849041939, 0.04974817484617233, 0.06773675233125687, 0.08971843868494034, 0.2094152569770813, 0.034947026520967484, 0.07618430256843567]","[0.004230909515172243, 0.02114729769527912, 0.028177225962281227, 0.020304875448346138, 0.01845802180469036, 0.017256267368793488, 0.01936827413737774, 0.016839489340782166, 0.012355401180684566, 0.043451108038425446, 0.04508798569440842, 0.06126844882965088, 0.016266318038105965, 0.004344045650213957, 0.013854033313691616]","[32.525320309947084, 8.5699517033226, 6.111825371658419, 3.915140650523521, 2.18222517110976, 1.9916247031104484, 4.176177501953932, 3.193360596914021, 2.62321781514371, 1.1449230432093505, 1.5023237629277644, 1.4643497656418727, 12.874164668765165, 8.044811066671512, 5.499070259427232]"
72,"[0.29076749086380005, 0.1359088122844696, 0.257442444562912, 0.034186091274023056, 0.10415024310350418, 0.12249212712049484, 0.08353624492883682, 0.029387477785348892, 0.3820377290248871, 0.03039395995438099, 0.02835601568222046, 0.012093080207705498, 0.30210715532302856, 0.3094898462295532]","[0.046662718057632446, 0.021996954455971718, 0.04004485160112381, 0.009917204268276691, 0.008784143254160881, 0.035108160227537155, 0.03637540712952614, 0.03319757431745529, 0.06194029003381729, 0.010257056914269924, 0.0068354494869709015, 0.006686631590127945, 0.0051703378558158875, 0.020906388759613037]","[6.231259192931653, 6.178528602970907, 6.428852505865877, 3.447150058548059, 11.856619375392153, 3.4889930525159762, 2.296503366446996, 0.8852296708285987, 6.167838878641147, 2.9632242668065927, 4.1483761581839005, 1.8085459090582412, 58.43083445372944, 14.803601415248995]"
73,"[0.26039811968803406, 0.31209424138069153, 0.27231550216674805, 0.25991660356521606, 0.3385745584964752, 0.2436329424381256, 0.08681588619947433, 0.028857147321105003, 0.0500422902405262, 0.042645085602998734, 0.16427253186702728, 0.08042757958173752, 0.044733982533216476, 0.062367994338274, 0.18500205874443054, 0.03808044269680977, 0.15774746239185333, 0.261615514755249]","[0.03257770463824272, 0.020071038976311684, 0.05195646733045578, 0.026964107528328896, 0.025527676567435265, 0.013193531893193722, 0.01345798745751381, 0.023660315200686455, 0.019674252718687057, 0.05559292063117027, 0.031287338584661484, 0.022326817736029625, 0.015871139243245125, 0.015186681412160397, 0.10409163683652878, 0.009768137708306313, 0.01812412589788437, 0.020677689462900162]","[7.993138945165421, 15.54948110802996, 5.24122435874547, 9.639354957034783, 13.263038553551034, 18.466089627130923, 6.450881788495325, 1.2196434018878908, 2.5435421083614975, 0.7670956143125921, 5.250447602710489, 3.6022858489120244, 2.818574133060775, 4.106755955803104, 1.7772999288594908, 3.89843425983114, 8.703728018699495, 12.652067109559734]"
74,"[0.21813763678073883, 0.23641657829284668, 0.2453799545764923, 0.0834791511297226, 0.05998314917087555, 0.0616581067442894, 0.18378736078739166, 0.04358077794313431, 0.045440949499607086, 0.04574903845787048, 0.4210641086101532, 0.1971278041601181, 0.11269818246364594, 0.1316436529159546, 0.25935423374176025]","[0.004646443296223879, 0.024683624505996704, 0.028822554275393486, 0.015701429918408394, 0.025596367195248604, 0.01443745568394661, 0.04648498818278313, 0.028031308203935623, 0.06236747279763222, 0.024964921176433563, 0.05000345781445503, 0.025049084797501564, 0.010765871033072472, 0.010856515727937222, 0.006309526972472668]","[46.94722885309227, 9.577871282048186, 8.513470118988696, 5.316659155472932, 2.34342431147847, 4.270704485198779, 3.953692750543968, 1.55471794702095, 0.7286001414078823, 1.8325328621929218, 8.420699827851339, 7.869660937863085, 10.468097018572868, 12.125773702624882, 41.105178704089255]"
75,"[0.29562023282051086, 0.1316068321466446, 0.22567437589168549, 0.03368657827377319, 0.08624251931905746, 0.036356862634420395, 0.17458988726139069, 0.05210650712251663, 0.08000791817903519, 0.4758552312850952, 0.3160778880119324, 0.08496800810098648, 0.023821072652935982, 0.015912922099232674]","[0.029938165098428726, 0.01511604804545641, 0.01898915320634842, 0.01079466287046671, 0.02547864057123661, 0.03732575476169586, 0.024716634303331375, 0.012376894243061543, 0.02081827074289322, 0.09963948279619217, 0.04592685028910637, 0.00973223615437746, 0.002987302839756012, 0.003032559296116233]","[9.874360430861081, 8.706431188289525, 11.884383333967648, 3.1206697863568156, 3.3848948525306533, 0.9740422629505738, 7.063659441603624, 4.209982415558525, 3.843158693012371, 4.775769784538469, 6.882202590037065, 8.730574017438812, 7.9741070560096174, 5.247357279909477]"
76,"[0.029936974868178368, 0.2178811877965927, 0.1933022439479828, 0.052103281021118164, 0.07015667855739594, 0.08856730163097382, 0.058297134935855865, 0.03178887441754341, 0.07410409301519394, 0.062321148812770844, 0.13155102729797363, 0.1395566314458847, 0.023339545354247093, 0.019969509914517403, 0.04073917865753174]","[0.004390651360154152, 0.007704006042331457, 0.00656437361612916, 0.03869214281439781, 0.03358731046319008, 0.018691543489694595, 0.022685062140226364, 0.03111487254500389, 0.051021408289670944, 0.040753286331892014, 0.047829046845436096, 0.03889850154519081, 0.006935768760740757, 0.006261020433157682, 0.028798118233680725]","[6.818344799557783, 28.281544251055067, 29.447172761925774, 1.3466114107727811, 2.088785246269836, 4.73836211973637, 2.569846825875794, 1.0216617269302537, 1.452411752229034, 1.5292300185371952, 2.750442167979904, 3.587712274308384, 3.365098543417179, 3.1894976430297293, 1.4146472462872728]"
77,"[0.1135273277759552, 0.08145513385534286, 0.24071408808231354, 0.04593731835484505, 0.07405296713113785, 0.033648572862148285, 0.08244823664426804, 0.039966367185115814, 0.03376328572630882, 0.0792345404624939, 0.5061578750610352, 0.04528898745775223, 0.03527378290891647, 0.010779619216918945]","[0.010874942876398563, 0.01507484819740057, 0.03942549601197243, 0.04320540651679039, 0.03940203785896301, 0.01915532909333706, 0.03721960633993149, 0.02131410874426365, 0.01832381822168827, 0.010263737291097641, 0.09525700658559799, 0.008598079904913902, 0.0031703903805464506, 0.003750768257305026]","[10.439349343373458, 5.403380039965415, 6.1055436819162745, 1.0632307865681807, 1.879419724335212, 1.756616798291005, 2.2151829305032837, 1.8751132249839966, 1.842590082363196, 7.719852741283509, 5.313602570601476, 5.267337354223592, 11.126006161688094, 2.8739763369609608]"
78,"[0.1386801153421402, 0.14845909178256989, 0.11278542876243591, 0.04327080398797989, 0.20158584415912628, 0.08027683943510056, 0.1082870215177536, 0.07196253538131714, 0.06109297275543213, 0.17118379473686218, 0.068467877805233, 0.00819449033588171, 0.175063818693161, 0.0835350826382637, 0.13066771626472473]","[0.023430155590176582, 0.023498505353927612, 0.06490091979503632, 0.017136452719569206, 0.040217284113168716, 0.06955751031637192, 0.030005833134055138, 0.0846102237701416, 0.007628461811691523, 0.005498858634382486, 0.00657148752361536, 0.0032491411548107862, 0.004314539488404989, 0.0048575629480183125, 0.0493311882019043]","[5.918873001435968, 6.317809986061772, 1.737809404221446, 2.5250735783004963, 5.012418133255278, 1.1541074295208869, 3.608865684014392, 0.8505182018761218, 8.008557198490514, 31.130786608426035, 10.41893141532814, 2.5220481183923558, 40.57531960563399, 17.196912017855087, 2.648785099801846]"
79,"[0.046587638556957245, 0.08948056399822235, 0.026365958154201508, 0.033846665173769, 0.02727636694908142, 0.08114345371723175, 0.07858293503522873, 0.024552423506975174, 0.14801396429538727, 0.11663271486759186, 0.031994156539440155, 0.051412295550107956, 0.060646869242191315, 0.029871292412281036, 0.42624229192733765]","[0.029102308675646782, 0.015468946658074856, 0.02229243330657482, 0.004915975034236908, 0.008865405805408955, 0.017064770683646202, 0.03630466386675835, 0.026384485885500908, 0.060348253697156906, 0.04472440108656883, 0.004637144505977631, 0.005841240286827087, 0.004260350484400988, 0.012039102613925934, 0.03568912670016289]","[1.600822775821302, 5.784528576903012, 1.1827312788875883, 6.885036017889972, 3.076719503628315, 4.755027490348552, 2.1645410441929926, 0.9305628926606256, 2.4526635855638754, 2.607809429171267, 6.899538390101336, 8.801605998994896, 14.235183106236473, 2.4811892854645294, 11.943197588115606]"
80,"[0.1890755295753479, 0.3398028314113617, 0.21027624607086182, 0.1691318303346634, 0.1876637190580368, 0.1346050202846527, 0.08043825626373291, 0.10612896829843521, 0.039189111441373825, 0.03653150796890259, 0.3019079267978668, 0.013769102282822132, 0.03084556572139263, 0.01362139917910099]","[0.012652899138629436, 0.05674915760755539, 0.03327465429902077, 0.03499392420053482, 0.03626999258995056, 0.014608173631131649, 0.015820574015378952, 0.022887002676725388, 0.02106601558625698, 0.013306094333529472, 0.0525633879005909, 0.003798456396907568, 0.0036565151531249285, 0.0035323365591466427]","[14.943257470384655, 5.987803973430638, 6.319411891742779, 4.833177021400719, 5.174076575632755, 9.214363388849266, 5.08440820071004, 4.637084628227075, 1.8603001256174883, 2.7454718907897986, 5.74369230858639, 3.6249204529587207, 8.435782276201266, 3.8562008322309205]"
81,"[0.21204069256782532, 0.032544296234846115, 0.08989826589822769, 0.025220321491360664, 0.032212596386671066, 0.031441450119018555, 0.08624687790870667, 0.112007737159729, 0.13165603578090668, 0.08666574954986572, 0.2364235520362854, 0.46284767985343933, 0.18839895725250244, 0.08626322448253632, 0.571229875087738]","[0.03812689706683159, 0.02470855601131916, 0.01729394868016243, 0.019672777503728867, 0.02350001595914364, 0.011700693517923355, 0.020969849079847336, 0.05388388782739639, 0.07379170507192612, 0.02768339402973652, 0.046549368649721146, 0.13426493108272552, 0.0062101189978420734, 0.007135612890124321, 0.013691332191228867]","[5.5614463510142205, 1.3171265945260964, 5.1982498364499214, 1.2819908874880679, 1.3707478515195408, 2.687144148409316, 4.112899314644689, 2.0786870004354157, 1.7841576590834856, 3.1306041974756584, 5.0789851483345885, 3.447271570625259, 30.33741500250935, 12.089112149276554, 41.722008282998736]"
82,"[0.5253242254257202, 0.23499518632888794, 0.13731226325035095, 0.07708759605884552, 0.07978888601064682, 0.12396549433469772, 0.09225379675626755, 0.11019003391265869, 0.17994709312915802, 0.10378144681453705, 0.14251670241355896, 0.3907500207424164, 0.10207337141036987, 0.13270166516304016, 0.5981618165969849]","[0.009830518625676632, 0.0351661816239357, 0.03140554949641228, 0.0352659709751606, 0.021762307733297348, 0.0394747257232666, 0.02981281839311123, 0.04464132338762283, 0.05744967609643936, 0.02969088777899742, 0.0468115471303463, 0.05876488238573074, 0.014442423358559608, 0.04261770099401474, 0.021247468888759613]","[53.43809878490132, 6.6824197418391185, 4.372229285974993, 2.1858917797312816, 3.666379824625221, 3.1403763310160717, 3.0944339290506124, 2.4683415622756777, 3.1322560083208346, 3.4953972271569933, 3.044477509293222, 6.649379780555778, 7.067606929682887, 3.1137687408731147, 28.152144602664926]"
83,"[0.31786686182022095, 0.10361716896295547, 0.12460289150476456, 0.07044414430856705, 0.07227487117052078, 0.06818939000368118, 0.10310496389865875, 0.10425630211830139, 0.10577332228422165, 0.307740718126297, 0.22120243310928345, 0.09833889454603195, 0.2939282953739166, 0.06556621938943863]","[0.036791201680898666, 0.022870244458317757, 0.04863876849412918, 0.017033837735652924, 0.02808624878525734, 0.04022964835166931, 0.029954271391034126, 0.03246696665883064, 0.02652762271463871, 0.05402916669845581, 0.03471917659044266, 0.010178864002227783, 0.014579826034605503, 0.005583946593105793]","[8.639752095546575, 4.530654193565937, 2.5618019403555508, 4.135541585037111, 2.5733187697339757, 1.6950033817745687, 3.4420788458743816, 3.211150065660503, 3.9872899061495195, 5.695825735085647, 6.371188917256036, 9.661087379152443, 20.159931584661713, 11.741913769445755]"
84,"[0.30272212624549866, 0.09409084916114807, 0.10043564438819885, 0.10130979120731354, 0.0922953337430954, 0.23569241166114807, 0.13169021904468536, 0.11912158131599426, 0.109942726790905, 0.07629223167896271, 0.2748974561691284, 0.14872515201568604, 0.011037501506507397, 0.047413576394319534, 0.050191257148981094]","[0.01420253049582243, 0.03534839674830437, 0.04499705508351326, 0.014230812899768353, 0.020919788628816605, 0.027206648141145706, 0.042621877044439316, 0.040579140186309814, 0.013395764864981174, 0.03051220066845417, 0.0591312050819397, 0.036576900631189346, 0.0029969702009111643, 0.004344322253018618, 0.009759001433849335]","[21.314661238329474, 2.6618137685597163, 2.232049279709375, 7.119044563431977, 4.411867413228084, 8.663044798403556, 3.089732976972829, 2.9355373418232826, 8.20727505290229, 2.500384436637486, 4.648940534666859, 4.066094979323294, 3.682886637695524, 10.91391789855704, 5.143073037666691]"
85,"[0.3206915259361267, 0.17567074298858643, 0.14797745645046234, 0.07265491783618927, 0.06628000736236572, 0.06057935208082199, 0.10314740240573883, 0.05300026386976242, 0.13687659800052643, 0.23197507858276367, 0.3695739805698395, 0.14225278794765472, 0.007733661215752363, 0.02446000836789608]","[0.011355256661772728, 0.022503774613142014, 0.02776324190199375, 0.025713486596941948, 0.0246674045920372, 0.011938048526644707, 0.031073864549398422, 0.021230313926935196, 0.05623588711023331, 0.07923614978790283, 0.06417902559041977, 0.008708370849490166, 0.006654500495642424, 0.003986326511949301]","[28.241680085993046, 7.806278991347354, 5.329977564321683, 2.8255568361868892, 2.6869469430829924, 5.074476950367059, 3.319426273541368, 2.496442777632235, 2.433972415731997, 2.9276419816423216, 5.758485380074188, 16.335178003585245, 1.1621700563125072, 6.135977144515243]"
86,"[0.297880083322525, 0.2243470698595047, 0.2825106978416443, 0.12031666934490204, 0.14223256707191467, 0.04994474723935127, 0.04790575057268143, 0.17338262498378754, 0.11544959992170334, 0.11530424654483795, 0.13248217105865479, 0.19234400987625122, 0.3350642919540405, 0.5377600193023682, 0.009053495712578297, 0.021313728764653206, 0.041135646402835846, 0.019803084433078766]","[0.009976371191442013, 0.00439459178596735, 0.01097504049539566, 0.027122266590595245, 0.04304815083742142, 0.005159357096999884, 0.04353847727179527, 0.02425566129386425, 0.0336768701672554, 0.03267006576061249, 0.03318842127919197, 0.035706665366888046, 0.05365671589970589, 0.09300384670495987, 0.004366687033325434, 0.005674935877323151, 0.007816208526492119, 0.015216214582324028]","[29.858560553365756, 51.0507188803933, 25.741198673496058, 4.436084607568246, 3.304034303565788, 9.68042069977937, 1.1003083611221132, 7.148130198686715, 3.4281570510657775, 3.5293545899087366, 3.9918190125457, 5.386781652666397, 6.244591871413381, 5.782126636206001, 2.073309958667599, 3.755765567294273, 5.262864503091418, 1.3014461859707929]"
87,"[0.015996815636754036, 0.07435139268636703, 0.016458194702863693, 0.060576263815164566, 0.016067594289779663, 0.052697259932756424, 0.06295084208250046, 0.048131946474313736, 0.07393898814916611, 0.42281097173690796, 0.027767976745963097, 0.01924200728535652, 0.01747438684105873, 0.021864451467990875, 0.2418573796749115]","[0.016563238576054573, 0.013516267761588097, 0.014440860599279404, 0.006974563468247652, 0.022030597552657127, 0.0332677848637104, 0.025485221296548843, 0.03125989809632301, 0.054736021906137466, 0.04116715490818024, 0.007791508454829454, 0.002916899975389242, 0.0030455091036856174, 0.006792659871280193, 0.011687634512782097]","[0.9658024041192395, 5.500881900080907, 1.1396962521530714, 8.685312577761122, 0.7293308432227131, 1.584032725612589, 2.470092032947155, 1.5397345930559934, 1.3508286787073842, 10.270590053647163, 3.5638768676111128, 6.5967319578000945, 5.737755575877793, 3.218835019317719, 20.693441381179905]"
88,"[0.2775222361087799, 0.05792118236422539, 0.08800678700208664, 0.015890920534729958, 0.028274938464164734, 0.15195435285568237, 0.06373894959688187, 0.0959618017077446, 0.2670457363128662, 0.32484152913093567, 0.06384840607643127, 0.03380037844181061, 0.07327909022569656, 0.04251324012875557]","[0.025844337418675423, 0.024319177493453026, 0.02774418704211712, 0.013093139976263046, 0.011379966512322426, 0.0827258825302124, 0.029665103182196617, 0.026659121736884117, 0.049710750579833984, 0.047501277178525925, 0.00957933347672224, 0.002698368625715375, 0.002734934911131859, 0.006331196054816246]","[10.738222134038502, 2.3817081140930187, 3.1720802223719065, 1.213682933470435, 2.4846240481945303, 1.836841726048519, 2.148617154823669, 3.5995860124295485, 5.371991635571841, 6.838585158669964, 6.665224280121656, 12.526227187677021, 26.793723655883955, 6.714882900587961]"
89,"[0.023164020851254463, 0.270018607378006, 0.2749840021133423, 0.09136134386062622, 0.08085250109434128, 0.16620732843875885, 0.022544344887137413, 0.036454956978559494, 0.18234050273895264, 0.09140688925981522, 0.2388184368610382, 0.05261809378862381, 0.1870374232530594, 0.11136966943740845, 0.12628225982189178]","[0.002941743703559041, 0.01898607797920704, 0.022601893171668053, 0.01629393734037876, 0.026788467541337013, 0.03602736070752144, 0.020008249208331108, 0.040624428540468216, 0.05294914171099663, 0.03289498761296272, 0.047015197575092316, 0.02680206671357155, 0.11776095628738403, 0.05410415306687355, 0.010612004436552525]","[7.874248468087036, 14.221926596621058, 12.16641455761062, 5.607075929660011, 3.0181831405465283, 4.613363987111598, 1.1267525035499015, 0.8973654101311165, 3.4436913771745545, 2.7787482498943112, 5.079600835019341, 1.9632103132546868, 1.588280438183713, 2.0584310653519307, 11.89994412242411]"
90,"[0.16996076703071594, 0.10172706842422485, 0.13219322264194489, 0.09726142883300781, 0.07273660600185394, 0.09735452383756638, 0.2805773615837097, 0.0685977190732956, 0.091034896671772, 0.05315892770886421, 0.4895245134830475, 0.3223511576652527, 0.007723244838416576, 0.025059236213564873, 0.07432450354099274]","[0.013924660161137581, 0.028143715113401413, 0.02856791764497757, 0.025546614080667496, 0.01469232328236103, 0.015741202980279922, 0.05533310025930405, 0.03887532278895378, 0.09090271592140198, 0.04000112786889076, 0.11982885748147964, 0.07606350630521774, 0.003553566290065646, 0.004319857805967331, 0.005366938188672066]","[12.20573895979598, 3.6145572115951627, 4.627331410176665, 3.8072140803430696, 4.9506537940924815, 6.184694013508944, 5.070696568037171, 1.7645569001625698, 1.0014540902219502, 1.3289357210901642, 4.085197203509236, 4.23792135445037, 2.173378574647021, 5.800940063107805, 13.848585716501935]"
91,"[0.09217851608991623, 0.10914389044046402, 0.07589519768953323, 0.04141612723469734, 0.057277001440525055, 0.033903367817401886, 0.0784640982747078, 0.044905100017786026, 0.369576096534729, 0.07452511787414551, 0.3826335072517395, 0.36372390389442444, 0.14222784340381622, 0.1815454214811325, 0.08060453087091446]","[0.00845082476735115, 0.024197835475206375, 0.015311314724385738, 0.03674117103219032, 0.009685887023806572, 0.026855895295739174, 0.019912412390112877, 0.0073481290601193905, 0.07721773535013199, 0.06687923520803452, 0.04658776521682739, 0.04968321695923805, 0.02928955666720867, 0.02368835359811783, 0.008014416322112083]","[10.907635482638094, 4.51048154915737, 4.956804758813943, 1.1272402612973635, 5.913449258673584, 1.2624180815443091, 3.940461694820444, 6.1110929939295895, 4.786155600898457, 1.1143237156096015, 8.213175829982356, 7.320860567318678, 4.855923393441063, 7.663910483654605, 10.057442442629721]"
92,"[0.04439849406480789, 0.10029204934835434, 0.13285984098911285, 0.02932102233171463, 0.03192472830414772, 0.10369206219911575, 0.10111917555332184, 0.03138061985373497, 0.13244843482971191, 0.055290304124355316, 0.06912796944379807, 0.24619197845458984, 0.3625219166278839, 0.06434933096170425]","[0.022631043568253517, 0.034260209649801254, 0.020013859495520592, 0.007786653470247984, 0.036412570625543594, 0.04889141768217087, 0.024296876043081284, 0.031063035130500793, 0.09688746184110641, 0.005728587508201599, 0.010887784883379936, 0.01838833838701248, 0.03235454857349396, 0.019153686240315437]","[1.9618403336507833, 2.9273623942618268, 6.638391811376957, 3.7655486331512367, 0.8767501924665645, 2.120864297149005, 4.1618179791519445, 1.0102238793440483, 1.367033796869659, 9.651646945289109, 6.349130717058988, 13.388484226963815, 11.204666194133683, 3.359631673732821]"
93,"[0.1886715292930603, 0.36810746788978577, 0.13701237738132477, 0.13453520834445953, 0.06401419639587402, 0.058086685836315155, 0.11560244858264923, 0.07111679017543793, 0.2815973460674286, 0.3205101788043976, 0.22369831800460815, 0.19561822712421417, 0.08953680098056793, 0.0896773636341095, 0.15846429765224457]","[0.012001767754554749, 0.023338334634900093, 0.02271905168890953, 0.03807168826460838, 0.03558892384171486, 0.045610517263412476, 0.05816216766834259, 0.05148185417056084, 0.11538086831569672, 0.03599439188838005, 0.056703776121139526, 0.03345166891813278, 0.008200662210583687, 0.007566830143332481, 0.003017530543729663]","[15.720311636713536, 15.772653603968754, 6.030726073316183, 3.5337337133411046, 1.7987112136512833, 1.2735370989293893, 1.9875883794745692, 1.3813952764759792, 2.440589589748471, 8.904447665022696, 3.945033881459828, 5.8477867756899125, 10.918240342226595, 11.851377913263823, 52.51456293674594]"
94,"[0.21001413464546204, 0.47254568338394165, 0.6929033398628235, 0.07661715894937515, 0.12309202551841736, 0.10381080955266953, 0.06491658836603165, 0.058225084096193314, 0.08092304319143295, 0.06922518461942673, 0.2029176950454712, 0.3327336013317108, 0.07656097412109375, 0.07843980938196182, 0.022196903824806213]","[0.00546163460239768, 0.030344722792506218, 0.016709033399820328, 0.022977979853749275, 0.03498275578022003, 0.01749935746192932, 0.014367633499205112, 0.058937232941389084, 0.04336749389767647, 0.03954409062862396, 0.04245920106768608, 0.09075989574193954, 0.005255699623376131, 0.007991289719939232, 0.003922553732991219]","[38.4526153677994, 15.572581981228025, 41.46878657087814, 3.3343731449426643, 3.518648624818063, 5.932264071896059, 4.518251970279111, 0.9879168259238778, 1.8659838491559373, 1.7505822872385925, 4.779121837973144, 3.666086200426923, 14.567227887333653, 9.815663319807443, 5.658788976710725]"
95,"[0.15140028297901154, 0.1215878576040268, 0.20850151777267456, 0.023898392915725708, 0.054353948682546616, 0.06351540237665176, 0.06242882460355759, 0.10779787600040436, 0.03989863768219948, 0.21194154024124146, 0.3475010097026825, 0.40701156854629517, 0.1989004760980606, 0.8981175422668457]","[0.0481574721634388, 0.019104361534118652, 0.019771713763475418, 0.015653463080525398, 0.02673320099711418, 0.04632926732301712, 0.021848522126674652, 0.05079754441976547, 0.038905609399080276, 0.1064903736114502, 0.060558658093214035, 0.0608692429959774, 0.05435583367943764, 0.039471790194511414]","[3.1438585992467187, 6.364403091246046, 10.545444884896247, 1.5267160239741386, 2.033200165158451, 1.3709563316382578, 2.857347707163169, 2.122108011946733, 1.025524038781479, 1.9902413058907027, 5.738254787082577, 6.686654022840285, 3.65922961040524, 22.753402818596502]"
96,"[0.03678244724869728, 0.2085420787334442, 0.08301858603954315, 0.14858169853687286, 0.25114569067955017, 0.07926081120967865, 0.14135250449180603, 0.018948499113321304, 0.07584479451179504, 0.04714541509747505, 0.10682638734579086, 0.0497279167175293, 0.06286557018756866, 0.10562501847743988, 0.06818163394927979, 0.13311082124710083, 0.12661659717559814, 0.04153437539935112]","[0.0031968739349395037, 0.011263172142207623, 0.00749404588714242, 0.021022722125053406, 0.029002109542489052, 0.022626502439379692, 0.036303408443927765, 0.02468811348080635, 0.044767335057258606, 0.08022969216108322, 0.04647044092416763, 0.030995357781648636, 0.0691206306219101, 0.05612757429480553, 0.016547109931707382, 0.05273529142141342, 0.011314506642520428, 0.006312243174761534]","[11.505754683252261, 18.51539478402833, 11.077939378777844, 7.06767171506318, 8.659566308844306, 3.5030076531727365, 3.893642788669039, 0.7675150686605811, 1.6941994517830365, 0.5876305121901457, 2.2988029642351475, 1.6043665979868642, 0.9095051596308978, 1.8818739239050855, 4.12045573098121, 2.5241317087526425, 11.190642347565314, 6.579970740895961]"
97,"[0.15271368622779846, 0.034302275627851486, 0.1082611158490181, 0.0142425037920475, 0.04106621444225311, 0.14511798322200775, 0.07029874622821808, 0.06798721104860306, 0.1128990426659584, 0.13456286489963531, 0.047203704714775085, 0.09800547361373901, 0.13600921630859375, 0.1896556317806244]","[0.04119793325662613, 0.013300511054694653, 0.04981973394751549, 0.020337602123618126, 0.011522610671818256, 0.026362808421254158, 0.030835360288619995, 0.03515163064002991, 0.04738955944776535, 0.03933246433734894, 0.014496448449790478, 0.004715295508503914, 0.006232877727597952, 0.010647805407643318]","[3.706828817759603, 2.579019369014688, 2.1730568847089775, 0.7003039839936505, 3.563967889906403, 5.504648097545294, 2.2798094645309632, 1.9341125805748742, 2.3823610934893833, 3.4211653697950073, 3.2562254733129024, 20.78458782423894, 21.82125532582996, 17.811710913169378]"
98,"[0.07417567819356918, 0.2743864059448242, 0.3340206742286682, 0.15864072740077972, 0.2984565794467926, 0.04935132712125778, 0.04322853684425354, 0.06569749861955643, 0.13415415585041046, 0.06986187398433685, 0.28749558329582214, 0.05371038243174553, 0.03491838276386261, 0.02289978228509426]","[0.005439586006104946, 0.05553947389125824, 0.012183194980025291, 0.024526581168174744, 0.026486923918128014, 0.07143612951040268, 0.014845159836113453, 0.020989764481782913, 0.03099185600876808, 0.03071940690279007, 0.04799216240644455, 0.006409899331629276, 0.004527030512690544, 0.004927025642246008]","[13.63627270720979, 4.94038540015792, 27.41650895157674, 6.468114178368615, 11.268072516436114, 0.6908454791643092, 2.911961698054106, 3.129977884057513, 4.328690602216794, 2.2741934505900794, 5.990469461680607, 8.379286421350608, 7.713308462573099, 4.647790360322802]"
99,"[0.166156604886055, 0.05066028982400894, 0.09985419362783432, 0.02245228737592697, 0.049445610493421555, 0.03110031597316265, 0.10925159603357315, 0.04657309502363205, 0.231777623295784, 0.08310224860906601, 0.13031113147735596, 0.06255630403757095, 0.08109785616397858, 0.13358594477176666, 0.03653247281908989]","[0.018447570502758026, 0.0281513761729002, 0.030295155942440033, 0.023969141766428947, 0.021778598427772522, 0.024518530815839767, 0.022192418575286865, 0.02071758359670639, 0.029611077159643173, 0.024559639394283295, 0.02703215926885605, 0.10849849879741669, 0.011297446675598621, 0.011418407782912254, 0.005158118903636932]","[9.006964080241003, 1.799567080233074, 3.2960448798334148, 0.9367163661810172, 2.2703761519550993, 1.2684412539543697, 4.922924270869424, 2.2479984118918233, 7.827395877772148, 3.383691725881349, 4.820596467389432, 0.5765637748995325, 7.178423452012569, 11.699174465609747, 7.082518550189149]"
